ticket_id,text,label
TRN-000001,"Hello, Can someone update the meeting room booking calendar for next week. This is affecting my work today.",Other
TRN-000002,"Hello, My laptop screen stays black even after a full restart. I would like this resolved soon.",Hardware
TRN-000003,"Hi support team, I cannot open any document since the last software update. I would like this resolved soon.",Software
TRN-000004,"To whom it may concern, None of my saved credentials seem to work anymore this week. Please help as soon as possible.",Account
TRN-000005,"To whom it may concern, Our office router seems to restart on its own several times a day. Please help as soon as possible.",Network
TRN-000006,"Hello, Is there an update on the office relocation timeline. Thanks in advance for your help.",Other
TRN-000007,"Hi support team, A recent patch removed a feature our whole team depends on. Please help as soon as possible.",Software
TRN-000008,"To whom it may concern, The password reset email for my account never shows up in my inbox. I appreciate the team's help with previous tickets. Let me know what you need from me.",Account
TRN-000009,"Hello, I was logged out of every application and cannot sign back in. This is the second time I am reporting a similar issue this quarter. This is affecting my work today.",Account
TRN-000010,"To whom it may concern, I have a request that does not really fit any technical category. Thanks in advance for your help.",Other
TRN-000011,"Hi support team, I cannot connect to the VPN from home today. Please help as soon as possible.",Network
TRN-000012,"Dear helpdesk, The antivirus alert keeps flagging a file I did not download. I would like this resolved soon.",Security
TRN-000013,"To whom it may concern, My laptop screen stays black even after a full restart. Please help as soon as possible.",Hardware
TRN-000014,"Hi support team, I cannot open any document since the last software update. This is affecting my work today.",Software
TRN-000015,"To whom it may concern, My account shows a login attempt from a location I do not recognize. I would like this resolved soon.",Security
TRN-000016,"Good morning, The webcam on my laptop is not detected by any application. Please help as soon as possible.",Hardware
TRN-000017,"To whom it may concern, The mobile app keeps freezing on the login screen. I would like this resolved soon.",Software
TRN-000018,"Dear helpdesk, Our office router seems to restart on its own several times a day. Any help would be appreciated.",Network
TRN-000019,"To whom it may concern, The docking station is not charging my laptop anymore. Any help would be appreciated.",Hardware
TRN-000020,"Hi, I have a general question about the new office badge policy. By the way, thank you for the fast response last time. This is affecting my work today.",Other
TRN-000021,"Dear helpdesk, I have a general question about the new office badge policy. Thanks in advance for your help.",Other
TRN-000022,"To whom it may concern, Can you tell me who to contact about a facilities request. This is affecting my work today.",Other
TRN-000023,"Dear helpdesk, I was logged out of every application and cannot sign back in. I would like this resolved soon.",Account
TRN-000024,"Dear helpdesk, My laptop battery drains fully within thirty minutes. Let me know what you need from me.",Hardware
TRN-000025,"Good morning, I noticed unfamiliar software running in the background of my computer. Please help as soon as possible.",Security
TRN-000026,"Dear helpdesk, The office printer on the second floor is jammed again. Please help as soon as possible.",Hardware
TRN-000027,"Dear helpdesk, Two-factor authentication is not sending a code to my registered device. Please help as soon as possible.",Account
TRN-000028,"Hi support team, The calendar sync stopped working after I updated the client. This is affecting my work today.",Software
TRN-000029,"Good morning, Could you confirm the parking policy for visitors next month. Let me know what you need from me.",Other
TRN-000030,"Hi support team, The docking station is not charging my laptop anymore. This is affecting my work today.",Hardware
TRN-000031,"Hi, I cannot open any document since the last software update. This is affecting my work today.",Software
TRN-000032,"Good morning, The shared network drive is unreachable from my desktop. Please help as soon as possible.",Network
TRN-000033,"Good morning, Video calls keep freezing because of a poor connection. This is affecting my work today.",Network
TRN-000034,"Good morning, The reporting application crashes every time I try to export a file. This is affecting my work today.",Software
TRN-000035,"Dear helpdesk, My laptop shows connected to wifi but no pages will load. This is affecting my work today.",Network
TRN-000036,"To whom it may concern, I received a suspicious email asking me to confirm my password. Please help as soon as possible.",Security
TRN-000037,"Hi, The reporting application crashes every time I try to export a file. This has happened once before a few months ago. I would like this resolved soon.",Software
TRN-000038,"Good morning, Everything online feels disconnected today, on and off all morning. Any help would be appreciated.",Network
TRN-000039,"To whom it may concern, My account was merged with another user and now settings are wrong. Please help as soon as possible.",Account
TRN-000040,"Hi, Could you confirm the parking policy for visitors next month. Any help would be appreciated.",Other
TRN-000041,"Hi support team, The latest update broke the spreadsheet macros I rely on. Thanks in advance for your help.",Software
TRN-000042,"Hi support team, I need to reset my password but the reset link never arrives. I would like this resolved soon.",Account
TRN-000043,"Hi, I need to reset my password but the reset link never arrives. I would like this resolved soon.",Account
TRN-000044,"Hi support team, Could you confirm the parking policy for visitors next month. Let me know what you need from me.",Other
TRN-000045,"Hi, The shared network drive is unreachable from my desktop. Let me know what you need from me.",Network
TRN-000046,"To whom it may concern, My keyboard has several keys that stopped responding. Let me know what you need from me.",Hardware
TRN-000047,"Hi support team, The internal dashboard shows a blank page after the server update. This is affecting my work today.",Software
TRN-000048,"Good morning, The ethernet port in the meeting room does not seem to work. I would like this resolved soon.",Network
TRN-000049,"Dear helpdesk, I get a network unreachable error when opening internal tools. Please help as soon as possible.",Network
TRN-000050,"Hi support team, I accidentally shared my password with what looked like an internal form. I would like this resolved soon.",Security
TRN-000051,"To whom it may concern, The docking station is not charging my laptop anymore. Our team is currently in the middle of a big deadline. Any help would be appreciated.",Hardware
TRN-000052,"Hello, Pages load, then stop loading, then load again without any pattern. Thanks in advance for your help.",Network
TRN-000053,"To whom it may concern, Could you confirm the parking policy for visitors next month. Any help would be appreciated.",Other
TRN-000054,"Hi support team, My profile information is missing after the last account update. Our team is currently in the middle of a big deadline. Thanks in advance for your help.",Account
TRN-000055,"Hi support team, I would like feedback on the recent helpdesk satisfaction survey. Let me know what you need from me.",Other
TRN-000056,"Hi, An error dialog appears every time I open the accounting tool. Any help would be appreciated.",Software
TRN-000057,"Hi, I need to reset my password but the reset link never arrives. Let me know what you need from me.",Account
TRN-000058,"Good morning, I received a suspicious email asking me to confirm my password. Any help would be appreciated.",Security
TRN-000059,"Hi, I am worried something unusual happened with my access this week. Thanks in advance for your help.",Security
TRN-000060,"Good morning, I would like feedback on the recent helpdesk satisfaction survey. I would like this resolved soon.",Other
TRN-000061,"Hello, I have a general question about the new office badge policy. Any help would be appreciated.",Other
TRN-000062,"Hello, I would like feedback on the recent helpdesk satisfaction survey. I appreciate the team's help with previous tickets. Thanks in advance for your help.",Other
TRN-000063,"Good morning, The laptop fan is extremely loud and the case feels hot. Let me know what you need from me.",Hardware
TRN-000064,"Hello, My keyboard has several keys that stopped responding. This has happened once before a few months ago. Thanks in advance for your help.",Hardware
TRN-000065,"Dear helpdesk, My license for the design software appears to have expired. Let me know what you need from me.",Software
TRN-000066,"Hello, I think my laptop might be infected after clicking a strange link. Please help as soon as possible.",Security
TRN-000067,"To whom it may concern, The reporting application crashes every time I try to export a file. I would like this resolved soon.",Software
TRN-000068,"Good morning, A recent patch removed a feature our whole team depends on. Our team is currently in the middle of a big deadline. Thanks in advance for your help.",Software
TRN-000069,"Hi, A recent patch removed a feature our whole team depends on. I would like this resolved soon.",Software
TRN-000070,"Hi support team, I cannot log into my account even though I am sure the password is correct. Let me know what you need from me.",Account
TRN-000071,"Good morning, I cannot log into my account even though I am sure the password is correct. Let me know what you need from me.",Account
TRN-000072,"Hi support team, A firmware update left my laptop stuck on the boot screen. This is affecting my work today.",Hardware
TRN-000073,"To whom it may concern, My account was merged with another user and now settings are wrong. Let me know what you need from me.",Account
TRN-000074,"To whom it may concern, I cannot connect to the VPN from home today. Thanks in advance for your help.",Network
TRN-000075,"Good morning, My keyboard has several keys that stopped responding. Please help as soon as possible.",Hardware
TRN-000076,"Dear helpdesk, The docking station is not charging my laptop anymore. Our team is currently in the middle of a big deadline. Thanks in advance for your help.",Hardware
TRN-000077,"Dear helpdesk, A recent patch removed a feature our whole team depends on. I will be out of office tomorrow afternoon. This is affecting my work today.",Software
TRN-000078,"To whom it may concern, A recent patch removed a feature our whole team depends on. Any help would be appreciated.",Software
TRN-000079,"Hi, The internal dashboard shows a blank page after the server update. Let me know what you need from me.",Software
TRN-000080,"Hi, I would like to request a new desk chair for the office. Let me know what you need from me.",Other
TRN-000081,"Good morning, I forgot my username and need help recovering account access. Please help as soon as possible.",Account
TRN-000082,"Dear helpdesk, Could you confirm the parking policy for visitors next month. This is affecting my work today.",Other
TRN-000083,"Good morning, My account shows a login attempt from a location I do not recognize. Thanks in advance for your help.",Security
TRN-000084,"Hello, The internal dashboard shows a blank page after the server update. Any help would be appreciated.",Software
TRN-000085,"Hi support team, I think my laptop might be infected after clicking a strange link. This is affecting my work today.",Security
TRN-000086,"To whom it may concern, I have a general question about the new office badge policy. Any help would be appreciated.",Other
TRN-000087,"Hello, I need to reset my password but the reset link never arrives. Any help would be appreciated.",Account
TRN-000088,"Good morning, The installer fails halfway through with an unknown error code. Please help as soon as possible.",Software
TRN-000089,"To whom it may concern, A colleague reported that someone is impersonating our support team. Please help as soon as possible.",Security
TRN-000090,"Dear helpdesk, I am worried something unusual happened with my access this week. Let me know what you need from me.",Security
TRN-000091,"To whom it may concern, The latest update broke the spreadsheet macros I rely on. This is the second time I am reporting a similar issue this quarter. I would like this resolved soon.",Software
TRN-000092,"Good morning, The remote desktop connection drops every time I try to log in. Any help would be appreciated.",Network
TRN-000093,"To whom it may concern, The password reset email for my account never shows up in my inbox. This is affecting my work today.",Account
TRN-000094,"Hi support team, The docking station is not charging my laptop anymore. This is the second time I am reporting a similar issue this quarter. This is affecting my work today.",Hardware
TRN-000095,"Hello, Can you tell me who to contact about a facilities request. Thanks in advance for your help.",Other
TRN-000096,"Good morning, A firmware update left my laptop stuck on the boot screen. I would like this resolved soon.",Hardware
TRN-000097,"Good morning, The monitor keeps flickering and sometimes turns off completely. Thanks in advance for your help.",Hardware
TRN-000098,"Hi, My laptop shows connected to wifi but no pages will load. This is affecting my work today.",Network
TRN-000099,"Hello, A firmware update left my laptop stuck on the boot screen. This is affecting my work today.",Hardware
TRN-000100,"Hi, The system says my account is disabled and I do not know why. I would like this resolved soon.",Account
TRN-000101,"Good morning, My laptop shows connected to wifi but no pages will load. This is affecting my work today.",Network
TRN-000102,"Good morning, My laptop shows connected to wifi but no pages will load. Please help as soon as possible.",Network
TRN-000103,"To whom it may concern, My keyboard has several keys that stopped responding. I would like this resolved soon.",Hardware
TRN-000104,"Dear helpdesk, I have a general question about the new office badge policy. This has happened once before a few months ago. This is affecting my work today.",Other
TRN-000105,"Hello, I cannot connect to the VPN from home today. Let me know what you need from me.",Network
TRN-000106,"Hello, The system says my account is disabled and I do not know why. Let me know what you need from me.",Account
TRN-000107,"To whom it may concern, My laptop battery drains fully within thirty minutes. Any help would be appreciated.",Hardware
TRN-000108,"Hello, I cannot connect to the VPN from home today. This is the second time I am reporting a similar issue this quarter. This is affecting my work today.",Network
TRN-000109,"To whom it may concern, I have a question about expense reimbursement for a work trip. I would like this resolved soon.",Other
TRN-000110,"Dear helpdesk, The shared network drive is unreachable from my desktop. This is affecting my work today.",Network
TRN-000111,"Good morning, I accidentally shared my password with what looked like an internal form. Please help as soon as possible.",Security
TRN-000112,"Hi support team, The program I use daily behaves unexpectedly since the newest release. Let me know what you need from me.",Software
TRN-000113,"Hi, Our office router seems to restart on its own several times a day. Any help would be appreciated.",Network
TRN-000114,"Hello, The program I use daily behaves unexpectedly since the newest release. This is the second time I am reporting a similar issue this quarter. Thanks in advance for your help.",Software
TRN-000115,"Hello, Everything online feels disconnected today, on and off all morning. This is affecting my work today.",Network
TRN-000116,"Good morning, My profile information is missing after the last account update. Thanks in advance for your help.",Account
TRN-000117,"Hi, A tool I rely on stopped doing what it used to do correctly. Please help as soon as possible.",Software
TRN-000118,"Hello, Is there an update on the office relocation timeline. Our team is currently in the middle of a big deadline. I would like this resolved soon.",Other
TRN-000119,"Hello, My license for the design software appears to have expired. This is affecting my work today.",Software
TRN-000120,"To whom it may concern, I want to suggest an improvement for the internal ticketing process. I appreciate the team's help with previous tickets. Please help as soon as possible.",Other
TRN-000121,"Good morning, Everything online feels disconnected today, on and off all morning. By the way, thank you for the fast response last time. Any help would be appreciated.",Network
TRN-000122,"Hello, The coffee machine on our floor is out of order again. Thanks in advance for your help.",Other
TRN-000123,"Good morning, My laptop shows connected to wifi but no pages will load. Thanks in advance for your help.",Network
TRN-000124,"Good morning, Internet speed on the third floor is extremely slow this morning. Let me know what you need from me.",Network
TRN-000125,"Hi, I get a network unreachable error when opening internal tools. Please help as soon as possible.",Network
TRN-000126,"To whom it may concern, I have a general question about the new office badge policy. This is affecting my work today.",Other
TRN-000127,"To whom it may concern, Our shared folder permissions changed without anyone approving it. Let me know what you need from me.",Security
TRN-000128,"Hi, The shared network drive is unreachable from my desktop. I would like this resolved soon.",Network
TRN-000129,"To whom it may concern, I got a message claiming my account will be closed unless I verify it immediately. This is affecting my work today.",Security
TRN-000130,"Dear helpdesk, My account got locked after too many failed login attempts. Please help as soon as possible.",Account
TRN-000131,"Hi, My account shows a login attempt from a location I do not recognize. Thanks in advance for your help.",Security
TRN-000132,"Hello, I have a request that does not really fit any technical category. Thanks in advance for your help.",Other
TRN-000133,"To whom it may concern, The ethernet port in the meeting room does not seem to work. Thanks in advance for your help.",Network
TRN-000134,"Hi support team, Internet speed on the third floor is extremely slow this morning. Please help as soon as possible.",Network
TRN-000135,"Good morning, I cannot connect to the VPN from home today. Any help would be appreciated.",Network
TRN-000136,"Hello, I noticed unfamiliar software running in the background of my computer. Any help would be appreciated.",Security
TRN-000137,"Hello, A firmware update left my laptop stuck on the boot screen. Let me know what you need from me.",Hardware
TRN-000138,"Good morning, My laptop screen stays black even after a full restart. Any help would be appreciated.",Hardware
TRN-000139,"Dear helpdesk, The monitor keeps flickering and sometimes turns off completely. By the way, thank you for the fast response last time. Any help would be appreciated.",Hardware
TRN-000140,"Dear helpdesk, My account got locked after too many failed login attempts. I would like this resolved soon.",Account
TRN-000141,"Hi, Two-factor authentication is not sending a code to my registered device. I would like this resolved soon.",Account
TRN-000142,"Hello, My account was merged with another user and now settings are wrong. Let me know what you need from me.",Account
TRN-000143,"Good morning, I forgot my username and need help recovering account access. This is affecting my work today.",Account
TRN-000144,"Hi support team, A recent patch removed a feature our whole team depends on. Any help would be appreciated.",Software
TRN-000145,"Hello, The docking station is not charging my laptop anymore. This is affecting my work today.",Hardware
TRN-000146,"Hi, Internet speed on the third floor is extremely slow this morning. This is the second time I am reporting a similar issue this quarter. Please help as soon as possible.",Network
TRN-000147,"Hi support team, I think my laptop might be infected after clicking a strange link. This is affecting my work today.",Security
TRN-000148,"Hi, The shared network drive is unreachable from my desktop. Let me know what you need from me.",Network
TRN-000149,"Good morning, I accidentally shared my password with what looked like an internal form. I would like this resolved soon.",Security
TRN-000150,"To whom it may concern, Can you tell me who to contact about a facilities request. Any help would be appreciated.",Other
TRN-000151,"Dear helpdesk, Video calls keep freezing because of a poor connection. Thanks in advance for your help.",Network
TRN-000152,"Hi support team, My account got locked after too many failed login attempts. By the way, thank you for the fast response last time. I would like this resolved soon.",Account
TRN-000153,"Hi support team, I cannot open any document since the last software update. Thanks in advance for your help.",Software
TRN-000154,"Hi support team, The remote desktop connection drops every time I try to log in. Any help would be appreciated.",Network
TRN-000155,"Hi support team, Internet speed on the third floor is extremely slow this morning. I will be out of office tomorrow afternoon. Thanks in advance for your help.",Network
TRN-000156,"Dear helpdesk, The webcam on my laptop is not detected by any application. Let me know what you need from me.",Hardware
TRN-000157,"Hello, I accidentally shared my password with what looked like an internal form. I would like this resolved soon.",Security
TRN-000158,"Hi support team, My profile information is missing after the last account update. Any help would be appreciated.",Account
TRN-000159,"Hi, Can someone update the meeting room booking calendar for next week. I would like this resolved soon.",Other
TRN-000160,"To whom it may concern, I forgot my username and need help recovering account access. This is affecting my work today.",Account
TRN-000161,"Hi, Two-factor authentication is not sending a code to my registered device. Please help as soon as possible.",Account
TRN-000162,"Hi support team, My laptop screen stays black even after a full restart. Thanks in advance for your help.",Hardware
TRN-000163,"Hi support team, Video calls keep freezing because of a poor connection. Thanks in advance for your help.",Network
TRN-000164,"Dear helpdesk, Could you confirm the parking policy for visitors next month. This is affecting my work today.",Other
TRN-000165,"To whom it may concern, My account got locked after too many failed login attempts. I will be out of office tomorrow afternoon. Any help would be appreciated.",Account
TRN-000166,"Dear helpdesk, I accidentally shared my password with what looked like an internal form. This is affecting my work today.",Security
TRN-000167,"Hello, A firmware update left my laptop stuck on the boot screen. Any help would be appreciated.",Hardware
TRN-000168,"To whom it may concern, I forgot my username and need help recovering account access. Any help would be appreciated.",Account
TRN-000169,"Hi, I get a network unreachable error when opening internal tools. This is the second time I am reporting a similar issue this quarter. This is affecting my work today.",Network
TRN-000170,"Dear helpdesk, Can someone update the meeting room booking calendar for next week. Any help would be appreciated.",Other
TRN-000171,"Hi support team, Something is wrong with how I sign in and I keep getting rejected. Please help as soon as possible.",Account
TRN-000172,"To whom it may concern, The laptop fan is extremely loud and the case feels hot. Thanks in advance for your help.",Hardware
TRN-000173,"Hi, The password reset email for my account never shows up in my inbox. Please help as soon as possible.",Account
TRN-000174,"Hello, Something on my desk setup just stopped turning on properly. Let me know what you need from me.",Hardware
TRN-000175,"Hi, I get a network unreachable error when opening internal tools. Any help would be appreciated.",Network
TRN-000176,"Good morning, The mobile app keeps freezing on the login screen. I would like this resolved soon.",Software
TRN-000177,"Hello, The shared network drive is unreachable from my desktop. I appreciate the team's help with previous tickets. Thanks in advance for your help.",Network
TRN-000178,"Hello, I noticed unfamiliar software running in the background of my computer. I will be out of office tomorrow afternoon. Any help would be appreciated.",Security
TRN-000179,"Hi, The office printer on the second floor is jammed again. This is affecting my work today.",Hardware
TRN-000180,"Hi support team, I cannot log into my account even though I am sure the password is correct. This is affecting my work today.",Account
TRN-000181,"Dear helpdesk, The system says my account is disabled and I do not know why. This is affecting my work today.",Account
TRN-000182,"Hi support team, I want to suggest an improvement for the internal ticketing process. Any help would be appreciated.",Other
TRN-000183,"Hello, My mouse cursor freezes randomly during the day. I appreciate the team's help with previous tickets. This is affecting my work today.",Hardware
TRN-000184,"Hello, Our office router seems to restart on its own several times a day. I will be out of office tomorrow afternoon. Thanks in advance for your help.",Network
TRN-000185,"Hello, I cannot connect to the VPN from home today. Please help as soon as possible.",Network
TRN-000186,"Hi, The system says my account is disabled and I do not know why. Any help would be appreciated.",Account
TRN-000187,"Hi, The system says my account is disabled and I do not know why. Thanks in advance for your help.",Account
TRN-000188,"Hello, Two-factor authentication is not sending a code to my registered device. I would like this resolved soon.",Account
TRN-000189,"Dear helpdesk, My laptop battery drains fully within thirty minutes. This is the second time I am reporting a similar issue this quarter. Thanks in advance for your help.",Hardware
TRN-000190,"To whom it may concern, I would like feedback on the recent helpdesk satisfaction survey. Please help as soon as possible.",Other
TRN-000191,"To whom it may concern, Video calls keep freezing because of a poor connection. Any help would be appreciated.",Network
TRN-000192,"Hi, I need to reset my password but the reset link never arrives. I would like this resolved soon.",Account
TRN-000193,"Hi support team, Two-factor authentication is not sending a code to my registered device. I would like this resolved soon.",Account
TRN-000194,"To whom it may concern, The monitor keeps flickering and sometimes turns off completely. I would like this resolved soon.",Hardware
TRN-000195,"To whom it may concern, My account was merged with another user and now settings are wrong. Any help would be appreciated.",Account
TRN-000196,"Dear helpdesk, Pages load, then stop loading, then load again without any pattern. Thanks in advance for your help.",Network
TRN-000197,"To whom it may concern, The office wifi keeps disconnecting every few minutes. Any help would be appreciated.",Network
TRN-000198,"Hi support team, This is more of a general office matter than a computer problem. Let me know what you need from me.",Other
TRN-000199,"Hi support team, I received a suspicious email asking me to confirm my password. Let me know what you need from me.",Security
TRN-000200,"Dear helpdesk, Our office router seems to restart on its own several times a day. Thanks in advance for your help.",Network
TRN-000201,"Dear helpdesk, My account was merged with another user and now settings are wrong. Please help as soon as possible.",Account
TRN-000202,"Dear helpdesk, My account got locked after too many failed login attempts. Let me know what you need from me.",Account
TRN-000203,"Dear helpdesk, Our shared folder permissions changed without anyone approving it. Thanks in advance for your help.",Security
TRN-000204,"Hi support team, The coffee machine on our floor is out of order again. Any help would be appreciated.",Other
TRN-000205,"Hi, I have a general question about the new office badge policy. This is affecting my work today.",Other
TRN-000206,"Dear helpdesk, I have a question about expense reimbursement for a work trip. This is affecting my work today.",Other
TRN-000207,"Hi support team, Could you confirm the parking policy for visitors next month. Please help as soon as possible.",Other
TRN-000208,"Hi, The docking station is not charging my laptop anymore. This is affecting my work today.",Hardware
TRN-000209,"Hi, My keyboard has several keys that stopped responding. Our team is currently in the middle of a big deadline. Thanks in advance for your help.",Hardware
TRN-000210,"Hi, The reporting application crashes every time I try to export a file. Please help as soon as possible.",Software
TRN-000211,"Good morning, My keyboard has several keys that stopped responding. Any help would be appreciated.",Hardware
TRN-000212,"Hi support team, My keyboard has several keys that stopped responding. By the way, thank you for the fast response last time. Any help would be appreciated.",Hardware
TRN-000213,"Hi, I accidentally shared my password with what looked like an internal form. Thanks in advance for your help.",Security
TRN-000214,"Dear helpdesk, I think my laptop might be infected after clicking a strange link. Let me know what you need from me.",Security
TRN-000215,"Hello, My keyboard has several keys that stopped responding. This is affecting my work today.",Hardware
TRN-000216,"Good morning, I think my laptop might be infected after clicking a strange link. This is affecting my work today.",Security
TRN-000217,"Dear helpdesk, My profile information is missing after the last account update. Thanks in advance for your help.",Account
TRN-000218,"To whom it may concern, The latest update broke the spreadsheet macros I rely on. Let me know what you need from me.",Software
TRN-000219,"Good morning, An error dialog appears every time I open the accounting tool. This is affecting my work today.",Software
TRN-000220,"Hello, The office printer on the second floor is jammed again. Please help as soon as possible.",Hardware
TRN-000221,"Hi, The reporting application crashes every time I try to export a file. Thanks in advance for your help.",Software
TRN-000222,"Hi support team, I was logged out of every application and cannot sign back in. This is the second time I am reporting a similar issue this quarter. Please help as soon as possible.",Account
TRN-000223,"Hello, I received a suspicious email asking me to confirm my password. Thanks in advance for your help.",Security
TRN-000224,"Good morning, Is there an update on the office relocation timeline. I would like this resolved soon.",Other
TRN-000225,"Hi, A recent patch removed a feature our whole team depends on. This is affecting my work today.",Software
TRN-000226,"Good morning, Could you confirm the parking policy for visitors next month. Let me know what you need from me.",Other
TRN-000227,"Hi support team, Something on my desk setup just stopped turning on properly. Let me know what you need from me.",Hardware
TRN-000228,"Hello, I cannot log into my account even though I am sure the password is correct. Please help as soon as possible.",Account
TRN-000229,"Hi support team, I have a general question about the new office badge policy. This is affecting my work today.",Other
TRN-000230,"Good morning, My laptop screen stays black even after a full restart. Any help would be appreciated.",Hardware
TRN-000231,"To whom it may concern, I think my laptop might be infected after clicking a strange link. Thanks in advance for your help.",Security
TRN-000232,"Dear helpdesk, The program I use daily behaves unexpectedly since the newest release. This is affecting my work today.",Software
TRN-000233,"Good morning, The webcam on my laptop is not detected by any application. Please help as soon as possible.",Hardware
TRN-000234,"Hi support team, A tool I rely on stopped doing what it used to do correctly. This is affecting my work today.",Software
TRN-000235,"Good morning, Can someone update the meeting room booking calendar for next week. This is affecting my work today.",Other
TRN-000236,"Hi support team, The reporting application crashes every time I try to export a file. Thanks in advance for your help.",Software
TRN-000237,"Good morning, Everything online feels disconnected today, on and off all morning. Let me know what you need from me.",Network
TRN-000238,"Hello, I accidentally shared my password with what looked like an internal form. Any help would be appreciated.",Security
TRN-000239,"Dear helpdesk, My account was merged with another user and now settings are wrong. This has happened once before a few months ago. Any help would be appreciated.",Account
TRN-000240,"Hi support team, My account shows a login attempt from a location I do not recognize. Any help would be appreciated.",Security
TRN-000241,"To whom it may concern, My keyboard has several keys that stopped responding. This has happened once before a few months ago. This is affecting my work today.",Hardware
TRN-000242,"Hello, My account got locked after too many failed login attempts. Our team is currently in the middle of a big deadline. Thanks in advance for your help.",Account
TRN-000243,"Hi support team, My laptop battery drains fully within thirty minutes. Our team is currently in the middle of a big deadline. This is affecting my work today.",Hardware
TRN-000244,"Hi, My account got locked after too many failed login attempts. Thanks in advance for your help.",Account
TRN-000245,"Hello, The monitor keeps flickering and sometimes turns off completely. Any help would be appreciated.",Hardware
TRN-000246,"Hi support team, My account shows a login attempt from a location I do not recognize. Thanks in advance for your help.",Security
TRN-000247,"Dear helpdesk, Everything online feels disconnected today, on and off all morning. Let me know what you need from me.",Network
TRN-000248,"Good morning, I have a request that does not really fit any technical category. This is affecting my work today.",Other
TRN-000249,"Good morning, My account was merged with another user and now settings are wrong. Let me know what you need from me.",Account
TRN-000250,"Hi, I cannot connect to the VPN from home today. Any help would be appreciated.",Network
TRN-000251,"To whom it may concern, Our shared folder permissions changed without anyone approving it. This is affecting my work today.",Security
TRN-000252,"Dear helpdesk, Something on my desk setup just stopped turning on properly. I would like this resolved soon.",Hardware
TRN-000253,"Good morning, Our shared folder permissions changed without anyone approving it. Any help would be appreciated.",Security
TRN-000254,"Good morning, I got a message claiming my account will be closed unless I verify it immediately. This is affecting my work today.",Security
TRN-000255,"Hello, The webcam on my laptop is not detected by any application. This is affecting my work today.",Hardware
TRN-000256,"Good morning, Everything online feels disconnected today, on and off all morning. Our team is currently in the middle of a big deadline. I would like this resolved soon.",Network
TRN-000257,"Hi, The physical machine on my desk is behaving strangely since yesterday. I would like this resolved soon.",Hardware
TRN-000258,"Dear helpdesk, I received a suspicious email asking me to confirm my password. By the way, thank you for the fast response last time. I would like this resolved soon.",Security
TRN-000259,"Hi support team, I cannot connect to the VPN from home today. Thanks in advance for your help.",Network
TRN-000260,"Hi support team, The shared network drive is unreachable from my desktop. I would like this resolved soon.",Network
TRN-000261,"To whom it may concern, My license for the design software appears to have expired. This is affecting my work today.",Software
TRN-000262,"Good morning, My profile information is missing after the last account update. Please help as soon as possible.",Account
TRN-000263,"Hello, The internal dashboard shows a blank page after the server update. This has happened once before a few months ago. Let me know what you need from me.",Software
TRN-000264,"Dear helpdesk, I think my laptop might be infected after clicking a strange link. I appreciate the team's help with previous tickets. Please help as soon as possible.",Security
TRN-000265,"Dear helpdesk, Could you confirm the parking policy for visitors next month. I appreciate the team's help with previous tickets. I would like this resolved soon.",Other
TRN-000266,"Good morning, Our office router seems to restart on its own several times a day. Let me know what you need from me.",Network
TRN-000267,"Hi, I cannot connect to the VPN from home today. Please help as soon as possible.",Network
TRN-000268,"Good morning, I need to reset my password but the reset link never arrives. I would like this resolved soon.",Account
TRN-000269,"Hi, I received a suspicious email asking me to confirm my password. This is affecting my work today.",Security
TRN-000270,"Hi, Something on my desk setup just stopped turning on properly. Please help as soon as possible.",Hardware
TRN-000271,"Hi, The webcam on my laptop is not detected by any application. Any help would be appreciated.",Hardware
TRN-000272,"To whom it may concern, The office printer on the second floor is jammed again. I would like this resolved soon.",Hardware
TRN-000273,"Dear helpdesk, Our office router seems to restart on its own several times a day. I would like this resolved soon.",Network
TRN-000274,"Hi, My laptop battery drains fully within thirty minutes. Please help as soon as possible.",Hardware
TRN-000275,"To whom it may concern, The mobile app keeps freezing on the login screen. This is affecting my work today.",Software
TRN-000276,"Hi, I would like to request a new desk chair for the office. This is affecting my work today.",Other
TRN-000277,"Good morning, My account got locked after too many failed login attempts. Please help as soon as possible.",Account
TRN-000278,"Hi support team, Pages load, then stop loading, then load again without any pattern. Any help would be appreciated.",Network
TRN-000279,"Hello, I need to reset my password but the reset link never arrives. Thanks in advance for your help.",Account
TRN-000280,"Hi, My account got locked after too many failed login attempts. Let me know what you need from me.",Account
TRN-000281,"Hello, I forgot my username and need help recovering account access. I would like this resolved soon.",Account
TRN-000282,"Hi support team, Something on my desk setup just stopped turning on properly. I would like this resolved soon.",Hardware
TRN-000283,"Hello, The ethernet port in the meeting room does not seem to work. I appreciate the team's help with previous tickets. I would like this resolved soon.",Network
TRN-000284,"To whom it may concern, The coffee machine on our floor is out of order again. Let me know what you need from me.",Other
TRN-000285,"Dear helpdesk, Internet speed on the third floor is extremely slow this morning. Any help would be appreciated.",Network
TRN-000286,"Hi, I forgot my username and need help recovering account access. I appreciate the team's help with previous tickets. I would like this resolved soon.",Account
TRN-000287,"To whom it may concern, My license for the design software appears to have expired. This is the second time I am reporting a similar issue this quarter. This is affecting my work today.",Software
TRN-000288,"Hello, The installer fails halfway through with an unknown error code. Let me know what you need from me.",Software
TRN-000289,"Hi support team, Our shared folder permissions changed without anyone approving it. Any help would be appreciated.",Security
TRN-000290,"Hi, An error dialog appears every time I open the accounting tool. Our team is currently in the middle of a big deadline. Please help as soon as possible.",Software
TRN-000291,"To whom it may concern, I noticed unfamiliar software running in the background of my computer. This has happened once before a few months ago. Any help would be appreciated.",Security
TRN-000292,"Hi, The remote desktop connection drops every time I try to log in. I would like this resolved soon.",Network
TRN-000293,"Good morning, A tool I rely on stopped doing what it used to do correctly. Let me know what you need from me.",Software
TRN-000294,"Hello, I think my laptop might be infected after clicking a strange link. Any help would be appreciated.",Security
TRN-000295,"Hello, The calendar sync stopped working after I updated the client. Let me know what you need from me.",Software
TRN-000296,"Dear helpdesk, Pages load, then stop loading, then load again without any pattern. Please help as soon as possible.",Network
TRN-000297,"Hello, An error dialog appears every time I open the accounting tool. Let me know what you need from me.",Software
TRN-000298,"Good morning, The office printer on the second floor is jammed again. Any help would be appreciated.",Hardware
TRN-000299,"Hello, I get a network unreachable error when opening internal tools. This is affecting my work today.",Network
TRN-000300,"Good morning, The installer fails halfway through with an unknown error code. Any help would be appreciated.",Software
TRN-000301,"Good morning, Video calls keep freezing because of a poor connection. Thanks in advance for your help.",Network
TRN-000302,"Hi support team, The installer fails halfway through with an unknown error code. Thanks in advance for your help.",Software
TRN-000303,"Dear helpdesk, The office wifi keeps disconnecting every few minutes. I would like this resolved soon.",Network
TRN-000304,"To whom it may concern, The latest update broke the spreadsheet macros I rely on. I would like this resolved soon.",Software
TRN-000305,"Good morning, My laptop shows connected to wifi but no pages will load. I would like this resolved soon.",Network
TRN-000306,"Hello, The password reset email for my account never shows up in my inbox. This is affecting my work today.",Account
TRN-000307,"Good morning, None of my saved credentials seem to work anymore this week. Thanks in advance for your help.",Account
TRN-000308,"Dear helpdesk, My account was merged with another user and now settings are wrong. Please help as soon as possible.",Account
TRN-000309,"Hello, A firmware update left my laptop stuck on the boot screen. This is affecting my work today.",Hardware
TRN-000310,"To whom it may concern, I got a message claiming my account will be closed unless I verify it immediately. Thanks in advance for your help.",Security
TRN-000311,"To whom it may concern, I cannot log into my account even though I am sure the password is correct. Our team is currently in the middle of a big deadline. Let me know what you need from me.",Account
TRN-000312,"Dear helpdesk, The laptop fan is extremely loud and the case feels hot. Any help would be appreciated.",Hardware
TRN-000313,"Hello, My profile information is missing after the last account update. Thanks in advance for your help.",Account
TRN-000314,"Dear helpdesk, Everything online feels disconnected today, on and off all morning. This is affecting my work today.",Network
TRN-000315,"Hi support team, I cannot connect to the VPN from home today. Please help as soon as possible.",Network
TRN-000316,"Hi support team, I am worried something unusual happened with my access this week. I would like this resolved soon.",Security
TRN-000317,"Good morning, I need to reset my password but the reset link never arrives. This is affecting my work today.",Account
TRN-000318,"Dear helpdesk, I would like to request a new desk chair for the office. Thanks in advance for your help.",Other
TRN-000319,"Hello, I noticed unfamiliar software running in the background of my computer. This is affecting my work today.",Security
TRN-000320,"Hello, The antivirus alert keeps flagging a file I did not download. I would like this resolved soon.",Security
TRN-000321,"Dear helpdesk, This is more of a general office matter than a computer problem. This has happened once before a few months ago. Thanks in advance for your help.",Other
TRN-000322,"Dear helpdesk, The system says my account is disabled and I do not know why. This is affecting my work today.",Account
TRN-000323,"Dear helpdesk, Something about a recent message felt off and I want a second opinion. I would like this resolved soon.",Security
TRN-000324,"Dear helpdesk, My account got locked after too many failed login attempts. Thanks in advance for your help.",Account
TRN-000325,"Hi support team, The laptop fan is extremely loud and the case feels hot. Let me know what you need from me.",Hardware
TRN-000326,"To whom it may concern, Our office router seems to restart on its own several times a day. I would like this resolved soon.",Network
TRN-000327,"Dear helpdesk, Can someone update the meeting room booking calendar for next week. Thanks in advance for your help.",Other
TRN-000328,"Hello, My laptop screen stays black even after a full restart. This is affecting my work today.",Hardware
TRN-000329,"Dear helpdesk, I received a suspicious email asking me to confirm my password. Please help as soon as possible.",Security
TRN-000330,"Dear helpdesk, The installer fails halfway through with an unknown error code. Any help would be appreciated.",Software
TRN-000331,"Hi, Pages load, then stop loading, then load again without any pattern. I appreciate the team's help with previous tickets. Please help as soon as possible.",Network
TRN-000332,"Hello, Is there an update on the office relocation timeline. Thanks in advance for your help.",Other
TRN-000333,"Hello, My license for the design software appears to have expired. Any help would be appreciated.",Software
TRN-000334,"Hi support team, I have a general question about the new office badge policy. Please help as soon as possible.",Other
TRN-000335,"Hello, My account got locked after too many failed login attempts. Thanks in advance for your help.",Account
TRN-000336,"Hi support team, I get a network unreachable error when opening internal tools. Any help would be appreciated.",Network
TRN-000337,"Dear helpdesk, Can you tell me who to contact about a facilities request. I will be out of office tomorrow afternoon. Let me know what you need from me.",Other
TRN-000338,"Good morning, A firmware update left my laptop stuck on the boot screen. This is affecting my work today.",Hardware
TRN-000339,"Hi, I cannot log into my account even though I am sure the password is correct. Any help would be appreciated.",Account
TRN-000340,"Hi support team, Internet speed on the third floor is extremely slow this morning. Let me know what you need from me.",Network
TRN-000341,"Hello, The docking station is not charging my laptop anymore. Thanks in advance for your help.",Hardware
TRN-000342,"Dear helpdesk, Our shared folder permissions changed without anyone approving it. This is the second time I am reporting a similar issue this quarter. This is affecting my work today.",Security
TRN-000343,"Hello, I accidentally shared my password with what looked like an internal form. Let me know what you need from me.",Security
TRN-000344,"Hi, The office wifi keeps disconnecting every few minutes. Any help would be appreciated.",Network
TRN-000345,"Good morning, Something is wrong with how I sign in and I keep getting rejected. This is the second time I am reporting a similar issue this quarter. This is affecting my work today.",Account
TRN-000346,"Hi support team, I would like feedback on the recent helpdesk satisfaction survey. I would like this resolved soon.",Other
TRN-000347,"Dear helpdesk, My keyboard has several keys that stopped responding. I appreciate the team's help with previous tickets. Please help as soon as possible.",Hardware
TRN-000348,"Hi support team, The calendar sync stopped working after I updated the client. Please help as soon as possible.",Software
TRN-000349,"Hi support team, The coffee machine on our floor is out of order again. Let me know what you need from me.",Other
TRN-000350,"Dear helpdesk, The reporting application crashes every time I try to export a file. Any help would be appreciated.",Software
TRN-000351,"Hi support team, My keyboard has several keys that stopped responding. By the way, thank you for the fast response last time. Let me know what you need from me.",Hardware
TRN-000352,"To whom it may concern, The ethernet port in the meeting room does not seem to work. This is affecting my work today.",Network
TRN-000353,"Hello, My profile information is missing after the last account update. Thanks in advance for your help.",Account
TRN-000354,"Dear helpdesk, My keyboard has several keys that stopped responding. Please help as soon as possible.",Hardware
TRN-000355,"Hello, None of my saved credentials seem to work anymore this week. Let me know what you need from me.",Account
TRN-000356,"Hi, My account got locked after too many failed login attempts. I would like this resolved soon.",Account
TRN-000357,"Hi, The calendar sync stopped working after I updated the client. Our team is currently in the middle of a big deadline. Any help would be appreciated.",Software
TRN-000358,"Hello, The mobile app keeps freezing on the login screen. Any help would be appreciated.",Software
TRN-000359,"Hi support team, The reporting application crashes every time I try to export a file. Thanks in advance for your help.",Software
TRN-000360,"Good morning, A recent patch removed a feature our whole team depends on. I would like this resolved soon.",Software
TRN-000361,"Dear helpdesk, I cannot connect to the VPN from home today. I would like this resolved soon.",Network
TRN-000362,"Dear helpdesk, The reporting application crashes every time I try to export a file. This is affecting my work today.",Software
TRN-000363,"Hi support team, The monitor keeps flickering and sometimes turns off completely. Let me know what you need from me.",Hardware
TRN-000364,"Dear helpdesk, I was logged out of every application and cannot sign back in. Let me know what you need from me.",Account
TRN-000365,"Dear helpdesk, I was logged out of every application and cannot sign back in. This is affecting my work today.",Account
TRN-000366,"To whom it may concern, None of my saved credentials seem to work anymore this week. Our team is currently in the middle of a big deadline. Please help as soon as possible.",Account
TRN-000367,"Hi, The office wifi keeps disconnecting every few minutes. Let me know what you need from me.",Network
TRN-000368,"Hello, Can you tell me who to contact about a facilities request. Let me know what you need from me.",Other
TRN-000369,"Hi support team, An error dialog appears every time I open the accounting tool. This has happened once before a few months ago. Please help as soon as possible.",Software
TRN-000370,"Dear helpdesk, The monitor keeps flickering and sometimes turns off completely. Please help as soon as possible.",Hardware
TRN-000371,"Hi support team, My account was merged with another user and now settings are wrong. This is affecting my work today.",Account
TRN-000372,"Hello, I want to suggest an improvement for the internal ticketing process. Let me know what you need from me.",Other
TRN-000373,"Hi, An error dialog appears every time I open the accounting tool. This is affecting my work today.",Software
TRN-000374,"Hi, I need to reset my password but the reset link never arrives. Please help as soon as possible.",Account
TRN-000375,"Dear helpdesk, Could you confirm the parking policy for visitors next month. Please help as soon as possible.",Other
TRN-000376,"Dear helpdesk, Can you tell me who to contact about a facilities request. This has happened once before a few months ago. This is affecting my work today.",Other
TRN-000377,"Hi, An error dialog appears every time I open the accounting tool. Thanks in advance for your help.",Software
TRN-000378,"Dear helpdesk, My laptop screen stays black even after a full restart. I would like this resolved soon.",Hardware
TRN-000379,"Hi support team, None of my saved credentials seem to work anymore this week. Please help as soon as possible.",Account
TRN-000380,"To whom it may concern, The mobile app keeps freezing on the login screen. Thanks in advance for your help.",Software
TRN-000381,"Good morning, Our office router seems to restart on its own several times a day. Please help as soon as possible.",Network
TRN-000382,"Hi, I have a general question about the new office badge policy. I appreciate the team's help with previous tickets. Any help would be appreciated.",Other
TRN-000383,"Hello, The reporting application crashes every time I try to export a file. Let me know what you need from me.",Software
TRN-000384,"Hi, The system says my account is disabled and I do not know why. This is affecting my work today.",Account
TRN-000385,"Hello, My keyboard has several keys that stopped responding. Please help as soon as possible.",Hardware
TRN-000386,"Dear helpdesk, I would like feedback on the recent helpdesk satisfaction survey. Thanks in advance for your help.",Other
TRN-000387,"To whom it may concern, My profile information is missing after the last account update. I would like this resolved soon.",Account
TRN-000388,"Hi, The password reset email for my account never shows up in my inbox. Let me know what you need from me.",Account
TRN-000389,"Good morning, The office wifi keeps disconnecting every few minutes. Any help would be appreciated.",Network
TRN-000390,"Hello, The calendar sync stopped working after I updated the client. Let me know what you need from me.",Software
TRN-000391,"To whom it may concern, I would like to request a new desk chair for the office. This is affecting my work today.",Other
TRN-000392,"To whom it may concern, A colleague reported that someone is impersonating our support team. I would like this resolved soon.",Security
TRN-000393,"To whom it may concern, I want to suggest an improvement for the internal ticketing process. Let me know what you need from me.",Other
TRN-000394,"Dear helpdesk, I accidentally shared my password with what looked like an internal form. Let me know what you need from me.",Security
TRN-000395,"Good morning, Our office router seems to restart on its own several times a day. Thanks in advance for your help.",Network
TRN-000396,"Hi, My mouse cursor freezes randomly during the day. I would like this resolved soon.",Hardware
TRN-000397,"To whom it may concern, The docking station is not charging my laptop anymore. Any help would be appreciated.",Hardware
TRN-000398,"Good morning, The office wifi keeps disconnecting every few minutes. I would like this resolved soon.",Network
TRN-000399,"Hello, Two-factor authentication is not sending a code to my registered device. Any help would be appreciated.",Account
TRN-000400,"Dear helpdesk, Video calls keep freezing because of a poor connection. Any help would be appreciated.",Network
TRN-000401,"Hi support team, None of my saved credentials seem to work anymore this week. Thanks in advance for your help.",Account
TRN-000402,"To whom it may concern, The remote desktop connection drops every time I try to log in. Let me know what you need from me.",Network
TRN-000403,"Dear helpdesk, A firmware update left my laptop stuck on the boot screen. This is affecting my work today.",Hardware
TRN-000404,"Hello, Our office router seems to restart on its own several times a day. Any help would be appreciated.",Network
TRN-000405,"Hi, My laptop battery drains fully within thirty minutes. Our team is currently in the middle of a big deadline. I would like this resolved soon.",Hardware
TRN-000406,"Dear helpdesk, The office printer on the second floor is jammed again. Let me know what you need from me.",Hardware
TRN-000407,"Dear helpdesk, My profile information is missing after the last account update. This has happened once before a few months ago. This is affecting my work today.",Account
TRN-000408,"Hi support team, A firmware update left my laptop stuck on the boot screen. This is affecting my work today.",Hardware
TRN-000409,"To whom it may concern, I would like feedback on the recent helpdesk satisfaction survey. Let me know what you need from me.",Other
TRN-000410,"Hi, I received a suspicious email asking me to confirm my password. This is affecting my work today.",Security
TRN-000411,"To whom it may concern, The ethernet port in the meeting room does not seem to work. Let me know what you need from me.",Network
TRN-000412,"Hello, My profile information is missing after the last account update. Thanks in advance for your help.",Account
TRN-000413,"Dear helpdesk, Our office router seems to restart on its own several times a day. Thanks in advance for your help.",Network
TRN-000414,"Good morning, I cannot open any document since the last software update. Our team is currently in the middle of a big deadline. This is affecting my work today.",Software
TRN-000415,"Hi support team, I got a message claiming my account will be closed unless I verify it immediately. Thanks in advance for your help.",Security
TRN-000416,"Hi support team, I cannot log into my account even though I am sure the password is correct. I will be out of office tomorrow afternoon. Any help would be appreciated.",Account
TRN-000417,"Hi, Pages load, then stop loading, then load again without any pattern. I would like this resolved soon.",Network
TRN-000418,"Good morning, My laptop shows connected to wifi but no pages will load. Let me know what you need from me.",Network
TRN-000419,"To whom it may concern, An error dialog appears every time I open the accounting tool. I will be out of office tomorrow afternoon. Thanks in advance for your help.",Software
TRN-000420,"To whom it may concern, I would like feedback on the recent helpdesk satisfaction survey. Any help would be appreciated.",Other
TRN-000421,"Dear helpdesk, The reporting application crashes every time I try to export a file. I would like this resolved soon.",Software
TRN-000422,"To whom it may concern, The calendar sync stopped working after I updated the client. By the way, thank you for the fast response last time. Let me know what you need from me.",Software
TRN-000423,"Hi support team, A firmware update left my laptop stuck on the boot screen. Let me know what you need from me.",Hardware
TRN-000424,"Hello, Two-factor authentication is not sending a code to my registered device. By the way, thank you for the fast response last time. This is affecting my work today.",Account
TRN-000425,"Good morning, I got a message claiming my account will be closed unless I verify it immediately. Any help would be appreciated.",Security
TRN-000426,"Hi, An error dialog appears every time I open the accounting tool. This is affecting my work today.",Software
TRN-000427,"Hello, My mouse cursor freezes randomly during the day. I would like this resolved soon.",Hardware
TRN-000428,"Good morning, My keyboard has several keys that stopped responding. I would like this resolved soon.",Hardware
TRN-000429,"To whom it may concern, The reporting application crashes every time I try to export a file. Let me know what you need from me.",Software
TRN-000430,"Hi, The shared network drive is unreachable from my desktop. I would like this resolved soon.",Network
TRN-000431,"Good morning, I want to suggest an improvement for the internal ticketing process. Please help as soon as possible.",Other
TRN-000432,"Hi support team, The shared network drive is unreachable from my desktop. Any help would be appreciated.",Network
TRN-000433,"Good morning, An error dialog appears every time I open the accounting tool. Any help would be appreciated.",Software
TRN-000434,"Hi support team, The shared network drive is unreachable from my desktop. Any help would be appreciated.",Network
TRN-000435,"Hi support team, The laptop fan is extremely loud and the case feels hot. I will be out of office tomorrow afternoon. I would like this resolved soon.",Hardware
TRN-000436,"Good morning, An error dialog appears every time I open the accounting tool. Any help would be appreciated.",Software
TRN-000437,"Hi support team, A recent patch removed a feature our whole team depends on. This has happened once before a few months ago. This is affecting my work today.",Software
TRN-000438,"To whom it may concern, My profile information is missing after the last account update. Please help as soon as possible.",Account
TRN-000439,"Hi, Two-factor authentication is not sending a code to my registered device. This is affecting my work today.",Account
TRN-000440,"To whom it may concern, This is more of a general office matter than a computer problem. I would like this resolved soon.",Other
TRN-000441,"Hi support team, The internal dashboard shows a blank page after the server update. Thanks in advance for your help.",Software
TRN-000442,"Hi, I forgot my username and need help recovering account access. This is affecting my work today.",Account
TRN-000443,"Hi support team, The webcam on my laptop is not detected by any application. Let me know what you need from me.",Hardware
TRN-000444,"Hi, Can you tell me who to contact about a facilities request. Let me know what you need from me.",Other
TRN-000445,"Dear helpdesk, I have a question about expense reimbursement for a work trip. Let me know what you need from me.",Other
TRN-000446,"Hi support team, The shared network drive is unreachable from my desktop. Thanks in advance for your help.",Network
TRN-000447,"Hello, The mobile app keeps freezing on the login screen. By the way, thank you for the fast response last time. Let me know what you need from me.",Software
TRN-000448,"Good morning, The webcam on my laptop is not detected by any application. This is the second time I am reporting a similar issue this quarter. I would like this resolved soon.",Hardware
TRN-000449,"Hi, The installer fails halfway through with an unknown error code. Our team is currently in the middle of a big deadline. Any help would be appreciated.",Software
TRN-000450,"Hello, The password reset email for my account never shows up in my inbox. I would like this resolved soon.",Account
TRN-000451,"To whom it may concern, Two-factor authentication is not sending a code to my registered device. By the way, thank you for the fast response last time. This is affecting my work today.",Account
TRN-000452,"Hello, My account shows a login attempt from a location I do not recognize. I will be out of office tomorrow afternoon. Any help would be appreciated.",Security
TRN-000453,"Dear helpdesk, The latest update broke the spreadsheet macros I rely on. This is affecting my work today.",Software
TRN-000454,"Hi support team, The monitor keeps flickering and sometimes turns off completely. This has happened once before a few months ago. This is affecting my work today.",Hardware
TRN-000455,"Hi, The monitor keeps flickering and sometimes turns off completely. Please help as soon as possible.",Hardware
TRN-000456,"Hello, The webcam on my laptop is not detected by any application. I will be out of office tomorrow afternoon. Please help as soon as possible.",Hardware
TRN-000457,"To whom it may concern, My account shows a login attempt from a location I do not recognize. Let me know what you need from me.",Security
TRN-000458,"Dear helpdesk, I received a suspicious email asking me to confirm my password. This is affecting my work today.",Security
TRN-000459,"Good morning, I forgot my username and need help recovering account access. I would like this resolved soon.",Account
TRN-000460,"Hi support team, Internet speed on the third floor is extremely slow this morning. Any help would be appreciated.",Network
TRN-000461,"Hi support team, A firmware update left my laptop stuck on the boot screen. Please help as soon as possible.",Hardware
TRN-000462,"To whom it may concern, The reporting application crashes every time I try to export a file. Let me know what you need from me.",Software
TRN-000463,"Hi support team, I forgot my username and need help recovering account access. I would like this resolved soon.",Account
TRN-000464,"Hello, Internet speed on the third floor is extremely slow this morning. I appreciate the team's help with previous tickets. I would like this resolved soon.",Network
TRN-000465,"Hi support team, Something is wrong with how I sign in and I keep getting rejected. Any help would be appreciated.",Account
TRN-000466,"Hi support team, Someone asked me over chat to send my login details for a system check. Any help would be appreciated.",Security
TRN-000467,"Hello, My license for the design software appears to have expired. I would like this resolved soon.",Software
TRN-000468,"Hello, I accidentally shared my password with what looked like an internal form. This has happened once before a few months ago. I would like this resolved soon.",Security
TRN-000469,"Hi, My license for the design software appears to have expired. Thanks in advance for your help.",Software
TRN-000470,"Hi, I want to suggest an improvement for the internal ticketing process. Thanks in advance for your help.",Other
TRN-000471,"To whom it may concern, The coffee machine on our floor is out of order again. I would like this resolved soon.",Other
TRN-000472,"Hi support team, The mobile app keeps freezing on the login screen. This is the second time I am reporting a similar issue this quarter. Thanks in advance for your help.",Software
TRN-000473,"To whom it may concern, The monitor keeps flickering and sometimes turns off completely. Let me know what you need from me.",Hardware
TRN-000474,"Hi, I have a question about expense reimbursement for a work trip. This is affecting my work today.",Other
TRN-000475,"Hello, The installer fails halfway through with an unknown error code. This has happened once before a few months ago. Any help would be appreciated.",Software
TRN-000476,"Hi, A colleague reported that someone is impersonating our support team. By the way, thank you for the fast response last time. This is affecting my work today.",Security
TRN-000477,"Dear helpdesk, A recent patch removed a feature our whole team depends on. Please help as soon as possible.",Software
TRN-000478,"Hi, My laptop screen stays black even after a full restart. Please help as soon as possible.",Hardware
TRN-000479,"Hello, I noticed unfamiliar software running in the background of my computer. Any help would be appreciated.",Security
TRN-000480,"Good morning, Something on my desk setup just stopped turning on properly. Thanks in advance for your help.",Hardware
TRN-000481,"Hi, The shared network drive is unreachable from my desktop. Any help would be appreciated.",Network
TRN-000482,"Hi support team, I think my laptop might be infected after clicking a strange link. I will be out of office tomorrow afternoon. Please help as soon as possible.",Security
TRN-000483,"To whom it may concern, My keyboard has several keys that stopped responding. I would like this resolved soon.",Hardware
TRN-000484,"Hello, I cannot connect to the VPN from home today. Please help as soon as possible.",Network
TRN-000485,"To whom it may concern, I have a request that does not really fit any technical category. Thanks in advance for your help.",Other
TRN-000486,"Hi support team, The office wifi keeps disconnecting every few minutes. Our team is currently in the middle of a big deadline. Please help as soon as possible.",Network
TRN-000487,"Good morning, The coffee machine on our floor is out of order again. I will be out of office tomorrow afternoon. Thanks in advance for your help.",Other
TRN-000488,"Hi, I cannot log into my account even though I am sure the password is correct. Any help would be appreciated.",Account
TRN-000489,"Hello, Two-factor authentication is not sending a code to my registered device. This is affecting my work today.",Account
TRN-000490,"Hello, I have a general question about the new office badge policy. Please help as soon as possible.",Other
TRN-000491,"Hello, My keyboard has several keys that stopped responding. Please help as soon as possible.",Hardware
TRN-000492,"Hi, The webcam on my laptop is not detected by any application. This is the second time I am reporting a similar issue this quarter. Please help as soon as possible.",Hardware
TRN-000493,"Good morning, The office wifi keeps disconnecting every few minutes. I would like this resolved soon.",Network
TRN-000494,"Hi, I cannot open any document since the last software update. Let me know what you need from me.",Software
TRN-000495,"Hi, A tool I rely on stopped doing what it used to do correctly. Please help as soon as possible.",Software
TRN-000496,"Good morning, A colleague reported that someone is impersonating our support team. This is affecting my work today.",Security
TRN-000497,"Hi support team, The monitor keeps flickering and sometimes turns off completely. Our team is currently in the middle of a big deadline. Thanks in advance for your help.",Hardware
TRN-000498,"Hello, I have a request that does not really fit any technical category. Let me know what you need from me.",Other
TRN-000499,"Hi, I would like feedback on the recent helpdesk satisfaction survey. Let me know what you need from me.",Other
TRN-000500,"Dear helpdesk, I would like to request a new desk chair for the office. Any help would be appreciated.",Other
TRN-000501,"Hello, The latest update broke the spreadsheet macros I rely on. I would like this resolved soon.",Software
TRN-000502,"To whom it may concern, My account got locked after too many failed login attempts. Thanks in advance for your help.",Account
TRN-000503,"Good morning, I accidentally shared my password with what looked like an internal form. This has happened once before a few months ago. I would like this resolved soon.",Security
TRN-000504,"Dear helpdesk, A recent patch removed a feature our whole team depends on. This is affecting my work today.",Software
TRN-000505,"Dear helpdesk, The internal dashboard shows a blank page after the server update. This is affecting my work today.",Software
TRN-000506,"To whom it may concern, A tool I rely on stopped doing what it used to do correctly. Our team is currently in the middle of a big deadline. Thanks in advance for your help.",Software
TRN-000507,"Dear helpdesk, The physical machine on my desk is behaving strangely since yesterday. Thanks in advance for your help.",Hardware
TRN-000508,"Hi support team, I noticed unfamiliar software running in the background of my computer. Any help would be appreciated.",Security
TRN-000509,"Good morning, My laptop battery drains fully within thirty minutes. Any help would be appreciated.",Hardware
TRN-000510,"Dear helpdesk, My account got locked after too many failed login attempts. This is affecting my work today.",Account
TRN-000511,"Hello, The remote desktop connection drops every time I try to log in. Please help as soon as possible.",Network
TRN-000512,"To whom it may concern, Someone asked me over chat to send my login details for a system check. Any help would be appreciated.",Security
TRN-000513,"To whom it may concern, I want to suggest an improvement for the internal ticketing process. Please help as soon as possible.",Other
TRN-000514,"Hi support team, I forgot my username and need help recovering account access. I appreciate the team's help with previous tickets. I would like this resolved soon.",Account
TRN-000515,"Hello, Internet speed on the third floor is extremely slow this morning. This is affecting my work today.",Network
TRN-000516,"Hi support team, A colleague reported that someone is impersonating our support team. Please help as soon as possible.",Security
TRN-000517,"Dear helpdesk, Can you tell me who to contact about a facilities request. This is affecting my work today.",Other
TRN-000518,"Good morning, The shared network drive is unreachable from my desktop. Thanks in advance for your help.",Network
TRN-000519,"Hi, Can you tell me who to contact about a facilities request. Any help would be appreciated.",Other
TRN-000520,"Hi, The calendar sync stopped working after I updated the client. This is affecting my work today.",Software
TRN-000521,"Hello, Something is wrong with how I sign in and I keep getting rejected. Any help would be appreciated.",Account
TRN-000522,"To whom it may concern, Can someone update the meeting room booking calendar for next week. Our team is currently in the middle of a big deadline. Thanks in advance for your help.",Other
TRN-000523,"Hello, A recent patch removed a feature our whole team depends on. I would like this resolved soon.",Software
TRN-000524,"To whom it may concern, Is there an update on the office relocation timeline. Please help as soon as possible.",Other
TRN-000525,"Hi, Can someone update the meeting room booking calendar for next week. Please help as soon as possible.",Other
TRN-000526,"Good morning, The webcam on my laptop is not detected by any application. Any help would be appreciated.",Hardware
TRN-000527,"Hi support team, My account was merged with another user and now settings are wrong. Thanks in advance for your help.",Account
TRN-000528,"Hi support team, The internal dashboard shows a blank page after the server update. Let me know what you need from me.",Software
TRN-000529,"Hi support team, Someone asked me over chat to send my login details for a system check. I appreciate the team's help with previous tickets. Please help as soon as possible.",Security
TRN-000530,"To whom it may concern, This is more of a general office matter than a computer problem. Thanks in advance for your help.",Other
TRN-000531,"Hello, Could you confirm the parking policy for visitors next month. This is the second time I am reporting a similar issue this quarter. Thanks in advance for your help.",Other
TRN-000532,"Good morning, Can you tell me who to contact about a facilities request. Please help as soon as possible.",Other
TRN-000533,"Hi, I want to suggest an improvement for the internal ticketing process. Any help would be appreciated.",Other
TRN-000534,"Hi, I cannot connect to the VPN from home today. I will be out of office tomorrow afternoon. Any help would be appreciated.",Network
TRN-000535,"Dear helpdesk, The docking station is not charging my laptop anymore. I would like this resolved soon.",Hardware
TRN-000536,"Dear helpdesk, My account got locked after too many failed login attempts. Any help would be appreciated.",Account
TRN-000537,"Hello, I received a suspicious email asking me to confirm my password. Thanks in advance for your help.",Security
TRN-000538,"To whom it may concern, Something is wrong with how I sign in and I keep getting rejected. Please help as soon as possible.",Account
TRN-000539,"Dear helpdesk, I received a suspicious email asking me to confirm my password. I would like this resolved soon.",Security
TRN-000540,"Hi support team, The installer fails halfway through with an unknown error code. I would like this resolved soon.",Software
TRN-000541,"Hello, The installer fails halfway through with an unknown error code. This is affecting my work today.",Software
TRN-000542,"Hi support team, An error dialog appears every time I open the accounting tool. Thanks in advance for your help.",Software
TRN-000543,"Hi support team, My laptop battery drains fully within thirty minutes. Let me know what you need from me.",Hardware
TRN-000544,"Good morning, I would like to request a new desk chair for the office. Thanks in advance for your help.",Other
TRN-000545,"Hello, My account was merged with another user and now settings are wrong. Please help as soon as possible.",Account
TRN-000546,"Dear helpdesk, I need to reset my password but the reset link never arrives. Please help as soon as possible.",Account
TRN-000547,"Dear helpdesk, The latest update broke the spreadsheet macros I rely on. Thanks in advance for your help.",Software
TRN-000548,"To whom it may concern, The internal dashboard shows a blank page after the server update. Thanks in advance for your help.",Software
TRN-000549,"Good morning, My laptop screen stays black even after a full restart. I will be out of office tomorrow afternoon. Thanks in advance for your help.",Hardware
TRN-000550,"Good morning, The installer fails halfway through with an unknown error code. Any help would be appreciated.",Software
TRN-000551,"Good morning, The coffee machine on our floor is out of order again. Please help as soon as possible.",Other
TRN-000552,"Hi, The calendar sync stopped working after I updated the client. This is affecting my work today.",Software
TRN-000553,"To whom it may concern, Everything online feels disconnected today, on and off all morning. This has happened once before a few months ago. Any help would be appreciated.",Network
TRN-000554,"Hi support team, The monitor keeps flickering and sometimes turns off completely. I would like this resolved soon.",Hardware
TRN-000555,"Dear helpdesk, I want to suggest an improvement for the internal ticketing process. I would like this resolved soon.",Other
TRN-000556,"Hello, Can someone update the meeting room booking calendar for next week. This has happened once before a few months ago. This is affecting my work today.",Other
TRN-000557,"Hello, A firmware update left my laptop stuck on the boot screen. This is affecting my work today.",Hardware
TRN-000558,"Good morning, My account was merged with another user and now settings are wrong. I will be out of office tomorrow afternoon. I would like this resolved soon.",Account
TRN-000559,"To whom it may concern, I cannot log into my account even though I am sure the password is correct. Let me know what you need from me.",Account
TRN-000560,"Hi support team, My account got locked after too many failed login attempts. This is affecting my work today.",Account
TRN-000561,"To whom it may concern, I get a network unreachable error when opening internal tools. Thanks in advance for your help.",Network
TRN-000562,"To whom it may concern, None of my saved credentials seem to work anymore this week. Thanks in advance for your help.",Account
TRN-000563,"To whom it may concern, A recent patch removed a feature our whole team depends on. Any help would be appreciated.",Software
TRN-000564,"Hi support team, The password reset email for my account never shows up in my inbox. This has happened once before a few months ago. Any help would be appreciated.",Account
TRN-000565,"Hi, Two-factor authentication is not sending a code to my registered device. Thanks in advance for your help.",Account
TRN-000566,"Hi, The office printer on the second floor is jammed again. Please help as soon as possible.",Hardware
TRN-000567,"Hello, My profile information is missing after the last account update. Thanks in advance for your help.",Account
TRN-000568,"Dear helpdesk, I noticed unfamiliar software running in the background of my computer. This is affecting my work today.",Security
TRN-000569,"Hello, My account was merged with another user and now settings are wrong. Please help as soon as possible.",Account
TRN-000570,"Hello, The remote desktop connection drops every time I try to log in. Any help would be appreciated.",Network
TRN-000571,"Hello, The antivirus alert keeps flagging a file I did not download. Let me know what you need from me.",Security
TRN-000572,"Hi, I get a network unreachable error when opening internal tools. Thanks in advance for your help.",Network
TRN-000573,"Dear helpdesk, A recent patch removed a feature our whole team depends on. By the way, thank you for the fast response last time. Any help would be appreciated.",Software
TRN-000574,"To whom it may concern, I received a suspicious email asking me to confirm my password. Please help as soon as possible.",Security
TRN-000575,"Hi, My account got locked after too many failed login attempts. This is affecting my work today.",Account
TRN-000576,"Dear helpdesk, The coffee machine on our floor is out of order again. Thanks in advance for your help.",Other
TRN-000577,"Hi support team, A colleague reported that someone is impersonating our support team. Let me know what you need from me.",Security
TRN-000578,"Hi, I get a network unreachable error when opening internal tools. Please help as soon as possible.",Network
TRN-000579,"Dear helpdesk, I have a general question about the new office badge policy. Please help as soon as possible.",Other
TRN-000580,"Good morning, I accidentally shared my password with what looked like an internal form. Any help would be appreciated.",Security
TRN-000581,"Hi, A recent patch removed a feature our whole team depends on. Any help would be appreciated.",Software
TRN-000582,"Hi, The docking station is not charging my laptop anymore. Any help would be appreciated.",Hardware
TRN-000583,"Hello, The reporting application crashes every time I try to export a file. Any help would be appreciated.",Software
TRN-000584,"Hi support team, I need to reset my password but the reset link never arrives. Please help as soon as possible.",Account
TRN-000585,"Hello, I received a suspicious email asking me to confirm my password. Thanks in advance for your help.",Security
TRN-000586,"Hi support team, My profile information is missing after the last account update. Thanks in advance for your help.",Account
TRN-000587,"Hello, A firmware update left my laptop stuck on the boot screen. I would like this resolved soon.",Hardware
TRN-000588,"Hi support team, I noticed unfamiliar software running in the background of my computer. I would like this resolved soon.",Security
TRN-000589,"Hello, I think my laptop might be infected after clicking a strange link. This is affecting my work today.",Security
TRN-000590,"Dear helpdesk, I cannot connect to the VPN from home today. Please help as soon as possible.",Network
TRN-000591,"Dear helpdesk, I get a network unreachable error when opening internal tools. I would like this resolved soon.",Network
TRN-000592,"Hello, The shared network drive is unreachable from my desktop. I will be out of office tomorrow afternoon. Please help as soon as possible.",Network
TRN-000593,"Hi support team, A recent patch removed a feature our whole team depends on. Please help as soon as possible.",Software
TRN-000594,"Hi, My keyboard has several keys that stopped responding. Thanks in advance for your help.",Hardware
TRN-000595,"Hi, Internet speed on the third floor is extremely slow this morning. Please help as soon as possible.",Network
TRN-000596,"Dear helpdesk, A colleague reported that someone is impersonating our support team. Thanks in advance for your help.",Security
TRN-000597,"Dear helpdesk, My account shows a login attempt from a location I do not recognize. This is affecting my work today.",Security
TRN-000598,"Hi support team, My account was merged with another user and now settings are wrong. Thanks in advance for your help.",Account
TRN-000599,"Hi, I would like to request a new desk chair for the office. I would like this resolved soon.",Other
TRN-000600,"Dear helpdesk, An error dialog appears every time I open the accounting tool. I will be out of office tomorrow afternoon. Any help would be appreciated.",Software
TRN-000601,"Good morning, My license for the design software appears to have expired. This is affecting my work today.",Software
TRN-000602,"Good morning, My profile information is missing after the last account update. I would like this resolved soon.",Account
TRN-000603,"Hello, An error dialog appears every time I open the accounting tool. Thanks in advance for your help.",Software
TRN-000604,"Hi support team, This is more of a general office matter than a computer problem. This is affecting my work today.",Other
TRN-000605,"Hi, I need to reset my password but the reset link never arrives. I would like this resolved soon.",Account
TRN-000606,"To whom it may concern, Something on my desk setup just stopped turning on properly. Any help would be appreciated.",Hardware
TRN-000607,"Good morning, The calendar sync stopped working after I updated the client. Please help as soon as possible.",Software
TRN-000608,"Hello, My account shows a login attempt from a location I do not recognize. Let me know what you need from me.",Security
TRN-000609,"Good morning, The password reset email for my account never shows up in my inbox. Any help would be appreciated.",Account
TRN-000610,"Hello, I want to suggest an improvement for the internal ticketing process. Let me know what you need from me.",Other
TRN-000611,"Dear helpdesk, I need to reset my password but the reset link never arrives. Thanks in advance for your help.",Account
TRN-000612,"To whom it may concern, Internet speed on the third floor is extremely slow this morning. This is affecting my work today.",Network
TRN-000613,"Dear helpdesk, Everything online feels disconnected today, on and off all morning. Any help would be appreciated.",Network
TRN-000614,"Hi support team, The internal dashboard shows a blank page after the server update. This is affecting my work today.",Software
TRN-000615,"Hello, I think my laptop might be infected after clicking a strange link. Our team is currently in the middle of a big deadline. Please help as soon as possible.",Security
TRN-000616,"Hello, I get a network unreachable error when opening internal tools. I would like this resolved soon.",Network
TRN-000617,"To whom it may concern, The password reset email for my account never shows up in my inbox. Let me know what you need from me.",Account
TRN-000618,"Hello, The docking station is not charging my laptop anymore. This is affecting my work today.",Hardware
TRN-000619,"Dear helpdesk, The latest update broke the spreadsheet macros I rely on. This is the second time I am reporting a similar issue this quarter. Let me know what you need from me.",Software
TRN-000620,"Hi, My license for the design software appears to have expired. Any help would be appreciated.",Software
TRN-000621,"Dear helpdesk, My account shows a login attempt from a location I do not recognize. Thanks in advance for your help.",Security
TRN-000622,"Hello, Our office router seems to restart on its own several times a day. This is affecting my work today.",Network
TRN-000623,"Good morning, I forgot my username and need help recovering account access. Please help as soon as possible.",Account
TRN-000624,"Hi, The office wifi keeps disconnecting every few minutes. I would like this resolved soon.",Network
TRN-000625,"Hi support team, My laptop battery drains fully within thirty minutes. This has happened once before a few months ago. This is affecting my work today.",Hardware
TRN-000626,"Dear helpdesk, Internet speed on the third floor is extremely slow this morning. Any help would be appreciated.",Network
TRN-000627,"Good morning, The internal dashboard shows a blank page after the server update. Let me know what you need from me.",Software
TRN-000628,"Dear helpdesk, An error dialog appears every time I open the accounting tool. Any help would be appreciated.",Software
TRN-000629,"Good morning, The latest update broke the spreadsheet macros I rely on. Thanks in advance for your help.",Software
TRN-000630,"Hi, An error dialog appears every time I open the accounting tool. I would like this resolved soon.",Software
TRN-000631,"To whom it may concern, My profile information is missing after the last account update. I would like this resolved soon.",Account
TRN-000632,"Dear helpdesk, The system says my account is disabled and I do not know why. Please help as soon as possible.",Account
TRN-000633,"Hi, Could you confirm the parking policy for visitors next month. This is the second time I am reporting a similar issue this quarter. This is affecting my work today.",Other
TRN-000634,"Good morning, Our shared folder permissions changed without anyone approving it. This is affecting my work today.",Security
TRN-000635,"Hello, My laptop battery drains fully within thirty minutes. Thanks in advance for your help.",Hardware
TRN-000636,"Hi support team, I accidentally shared my password with what looked like an internal form. Thanks in advance for your help.",Security
TRN-000637,"To whom it may concern, I was logged out of every application and cannot sign back in. Any help would be appreciated.",Account
TRN-000638,"Good morning, The password reset email for my account never shows up in my inbox. Please help as soon as possible.",Account
TRN-000639,"Hi, The antivirus alert keeps flagging a file I did not download. This is affecting my work today.",Security
TRN-000640,"To whom it may concern, I have a request that does not really fit any technical category. Please help as soon as possible.",Other
TRN-000641,"Hi support team, The laptop fan is extremely loud and the case feels hot. I would like this resolved soon.",Hardware
TRN-000642,"Hi support team, The installer fails halfway through with an unknown error code. I appreciate the team's help with previous tickets. I would like this resolved soon.",Software
TRN-000643,"Dear helpdesk, I want to suggest an improvement for the internal ticketing process. I would like this resolved soon.",Other
TRN-000644,"Hi, I cannot log into my account even though I am sure the password is correct. Please help as soon as possible.",Account
TRN-000645,"Hi support team, I was logged out of every application and cannot sign back in. Any help would be appreciated.",Account
TRN-000646,"Hello, I cannot log into my account even though I am sure the password is correct. Let me know what you need from me.",Account
TRN-000647,"Hi, I cannot connect to the VPN from home today. This is affecting my work today.",Network
TRN-000648,"Hi support team, An error dialog appears every time I open the accounting tool. I would like this resolved soon.",Software
TRN-000649,"Hi support team, I would like feedback on the recent helpdesk satisfaction survey. Let me know what you need from me.",Other
TRN-000650,"Good morning, My keyboard has several keys that stopped responding. This is affecting my work today.",Hardware
TRN-000651,"To whom it may concern, I would like to request a new desk chair for the office. This is the second time I am reporting a similar issue this quarter. Please help as soon as possible.",Other
TRN-000652,"Dear helpdesk, My laptop screen stays black even after a full restart. Our team is currently in the middle of a big deadline. This is affecting my work today.",Hardware
TRN-000653,"Hello, My laptop shows connected to wifi but no pages will load. Our team is currently in the middle of a big deadline. Please help as soon as possible.",Network
TRN-000654,"To whom it may concern, Pages load, then stop loading, then load again without any pattern. Please help as soon as possible.",Network
TRN-000655,"Hi, The office printer on the second floor is jammed again. Our team is currently in the middle of a big deadline. This is affecting my work today.",Hardware
TRN-000656,"Hello, The calendar sync stopped working after I updated the client. Let me know what you need from me.",Software
TRN-000657,"Hello, Our shared folder permissions changed without anyone approving it. Any help would be appreciated.",Security
TRN-000658,"To whom it may concern, The remote desktop connection drops every time I try to log in. By the way, thank you for the fast response last time. This is affecting my work today.",Network
TRN-000659,"To whom it may concern, The antivirus alert keeps flagging a file I did not download. I will be out of office tomorrow afternoon. Let me know what you need from me.",Security
TRN-000660,"Hi, The installer fails halfway through with an unknown error code. Thanks in advance for your help.",Software
TRN-000661,"Hi, Could you confirm the parking policy for visitors next month. I would like this resolved soon.",Other
TRN-000662,"Hi support team, Can you tell me who to contact about a facilities request. By the way, thank you for the fast response last time. Thanks in advance for your help.",Other
TRN-000663,"Hi, My laptop screen stays black even after a full restart. Please help as soon as possible.",Hardware
TRN-000664,"Hi support team, Video calls keep freezing because of a poor connection. Let me know what you need from me.",Network
TRN-000665,"Good morning, None of my saved credentials seem to work anymore this week. Let me know what you need from me.",Account
TRN-000666,"Hi, The remote desktop connection drops every time I try to log in. Please help as soon as possible.",Network
TRN-000667,"Dear helpdesk, I was logged out of every application and cannot sign back in. This is affecting my work today.",Account
TRN-000668,"Hi, I cannot log into my account even though I am sure the password is correct. Any help would be appreciated.",Account
TRN-000669,"Good morning, My account shows a login attempt from a location I do not recognize. Our team is currently in the middle of a big deadline. Please help as soon as possible.",Security
TRN-000670,"Hi support team, Someone asked me over chat to send my login details for a system check. I would like this resolved soon.",Security
TRN-000671,"Hello, I am worried something unusual happened with my access this week. I would like this resolved soon.",Security
TRN-000672,"Dear helpdesk, My account shows a login attempt from a location I do not recognize. Let me know what you need from me.",Security
TRN-000673,"To whom it may concern, I want to suggest an improvement for the internal ticketing process. This is affecting my work today.",Other
TRN-000674,"Hi support team, Can someone update the meeting room booking calendar for next week. Let me know what you need from me.",Other
TRN-000675,"Hi support team, My laptop screen stays black even after a full restart. Any help would be appreciated.",Hardware
TRN-000676,"Hi, I have a general question about the new office badge policy. Any help would be appreciated.",Other
TRN-000677,"Hi support team, I think my laptop might be infected after clicking a strange link. This has happened once before a few months ago. Let me know what you need from me.",Security
TRN-000678,"To whom it may concern, A firmware update left my laptop stuck on the boot screen. Any help would be appreciated.",Hardware
TRN-000679,"Hi support team, The ethernet port in the meeting room does not seem to work. Thanks in advance for your help.",Network
TRN-000680,"Hi, I have a question about expense reimbursement for a work trip. Thanks in advance for your help.",Other
TRN-000681,"Hi support team, Two-factor authentication is not sending a code to my registered device. I would like this resolved soon.",Account
TRN-000682,"Dear helpdesk, The reporting application crashes every time I try to export a file. Any help would be appreciated.",Software
TRN-000683,"Good morning, Is there an update on the office relocation timeline. Any help would be appreciated.",Other
TRN-000684,"To whom it may concern, My keyboard has several keys that stopped responding. This is affecting my work today.",Hardware
TRN-000685,"Hi support team, I cannot open any document since the last software update. Any help would be appreciated.",Software
TRN-000686,"Hi, I have a question about expense reimbursement for a work trip. Please help as soon as possible.",Other
TRN-000687,"To whom it may concern, The password reset email for my account never shows up in my inbox. This is the second time I am reporting a similar issue this quarter. Thanks in advance for your help.",Account
TRN-000688,"Good morning, I was logged out of every application and cannot sign back in. This is affecting my work today.",Account
TRN-000689,"Hi support team, Could you confirm the parking policy for visitors next month. Our team is currently in the middle of a big deadline. Thanks in advance for your help.",Other
TRN-000690,"Good morning, My laptop shows connected to wifi but no pages will load. I appreciate the team's help with previous tickets. Any help would be appreciated.",Network
TRN-000691,"Dear helpdesk, Our office router seems to restart on its own several times a day. This is affecting my work today.",Network
TRN-000692,"Good morning, Two-factor authentication is not sending a code to my registered device. Thanks in advance for your help.",Account
TRN-000693,"Hello, The remote desktop connection drops every time I try to log in. Thanks in advance for your help.",Network
TRN-000694,"Dear helpdesk, The mobile app keeps freezing on the login screen. Please help as soon as possible.",Software
TRN-000695,"To whom it may concern, Can someone update the meeting room booking calendar for next week. I will be out of office tomorrow afternoon. This is affecting my work today.",Other
TRN-000696,"Hi support team, My laptop shows connected to wifi but no pages will load. I appreciate the team's help with previous tickets. Any help would be appreciated.",Network
TRN-000697,"To whom it may concern, I would like feedback on the recent helpdesk satisfaction survey. Thanks in advance for your help.",Other
TRN-000698,"Hi, The internal dashboard shows a blank page after the server update. Thanks in advance for your help.",Software
TRN-000699,"Hi, The reporting application crashes every time I try to export a file. Thanks in advance for your help.",Software
TRN-000700,"Hello, The calendar sync stopped working after I updated the client. I appreciate the team's help with previous tickets. I would like this resolved soon.",Software
TRN-000701,"Hi support team, My laptop shows connected to wifi but no pages will load. Let me know what you need from me.",Network
TRN-000702,"Hi, The coffee machine on our floor is out of order again. This is affecting my work today.",Other
TRN-000703,"Dear helpdesk, An error dialog appears every time I open the accounting tool. Thanks in advance for your help.",Software
TRN-000704,"Dear helpdesk, My license for the design software appears to have expired. I would like this resolved soon.",Software
TRN-000705,"Hello, My keyboard has several keys that stopped responding. This is affecting my work today.",Hardware
TRN-000706,"Hi support team, I want to suggest an improvement for the internal ticketing process. This is affecting my work today.",Other
TRN-000707,"Dear helpdesk, Our shared folder permissions changed without anyone approving it. Please help as soon as possible.",Security
TRN-000708,"Hi, My account got locked after too many failed login attempts. Let me know what you need from me.",Account
TRN-000709,"Good morning, The latest update broke the spreadsheet macros I rely on. I would like this resolved soon.",Software
TRN-000710,"Hi support team, I cannot log into my account even though I am sure the password is correct. This is the second time I am reporting a similar issue this quarter. Thanks in advance for your help.",Account
TRN-000711,"Dear helpdesk, The password reset email for my account never shows up in my inbox. Any help would be appreciated.",Account
TRN-000712,"Hello, The office wifi keeps disconnecting every few minutes. Thanks in advance for your help.",Network
TRN-000713,"Good morning, My account shows a login attempt from a location I do not recognize. I appreciate the team's help with previous tickets. Any help would be appreciated.",Security
TRN-000714,"Dear helpdesk, I cannot log into my account even though I am sure the password is correct. This is affecting my work today.",Account
TRN-000715,"To whom it may concern, The internal dashboard shows a blank page after the server update. By the way, thank you for the fast response last time. Thanks in advance for your help.",Software
TRN-000716,"Hi support team, Our shared folder permissions changed without anyone approving it. Thanks in advance for your help.",Security
TRN-000717,"Dear helpdesk, I cannot connect to the VPN from home today. Let me know what you need from me.",Network
TRN-000718,"Hi, A colleague reported that someone is impersonating our support team. Any help would be appreciated.",Security
TRN-000719,"Good morning, My mouse cursor freezes randomly during the day. Let me know what you need from me.",Hardware
TRN-000720,"Dear helpdesk, I got a message claiming my account will be closed unless I verify it immediately. This is affecting my work today.",Security
TRN-000721,"Good morning, My profile information is missing after the last account update. Let me know what you need from me.",Account
TRN-000722,"Dear helpdesk, I got a message claiming my account will be closed unless I verify it immediately. I would like this resolved soon.",Security
TRN-000723,"Hi support team, Our office router seems to restart on its own several times a day. This is the second time I am reporting a similar issue this quarter. Any help would be appreciated.",Network
TRN-000724,"Good morning, I would like feedback on the recent helpdesk satisfaction survey. Our team is currently in the middle of a big deadline. I would like this resolved soon.",Other
TRN-000725,"Hi support team, Can someone update the meeting room booking calendar for next week. Please help as soon as possible.",Other
TRN-000726,"Good morning, I am worried something unusual happened with my access this week. This is affecting my work today.",Security
TRN-000727,"Hello, Video calls keep freezing because of a poor connection. Please help as soon as possible.",Network
TRN-000728,"To whom it may concern, Could you confirm the parking policy for visitors next month. By the way, thank you for the fast response last time. Thanks in advance for your help.",Other
TRN-000729,"Hi support team, My account was merged with another user and now settings are wrong. This is affecting my work today.",Account
TRN-000730,"Dear helpdesk, Internet speed on the third floor is extremely slow this morning. Let me know what you need from me.",Network
TRN-000731,"To whom it may concern, I am worried something unusual happened with my access this week. Any help would be appreciated.",Security
TRN-000732,"To whom it may concern, I need to reset my password but the reset link never arrives. Thanks in advance for your help.",Account
TRN-000733,"Hi, I accidentally shared my password with what looked like an internal form. Let me know what you need from me.",Security
TRN-000734,"Dear helpdesk, The internal dashboard shows a blank page after the server update. This has happened once before a few months ago. Let me know what you need from me.",Software
TRN-000735,"Hi support team, Internet speed on the third floor is extremely slow this morning. Thanks in advance for your help.",Network
TRN-000736,"To whom it may concern, Can you tell me who to contact about a facilities request. Any help would be appreciated.",Other
TRN-000737,"Dear helpdesk, I have a request that does not really fit any technical category. Thanks in advance for your help.",Other
TRN-000738,"Hello, My account got locked after too many failed login attempts. Thanks in advance for your help.",Account
TRN-000739,"Good morning, I noticed unfamiliar software running in the background of my computer. I would like this resolved soon.",Security
TRN-000740,"To whom it may concern, My account shows a login attempt from a location I do not recognize. This is affecting my work today.",Security
TRN-000741,"Good morning, An error dialog appears every time I open the accounting tool. Let me know what you need from me.",Software
TRN-000742,"Hi, I cannot open any document since the last software update. Any help would be appreciated.",Software
TRN-000743,"Hi, My mouse cursor freezes randomly during the day. This is affecting my work today.",Hardware
TRN-000744,"To whom it may concern, Something about a recent message felt off and I want a second opinion. Any help would be appreciated.",Security
TRN-000745,"Hello, An error dialog appears every time I open the accounting tool. Any help would be appreciated.",Software
TRN-000746,"Hi support team, I cannot log into my account even though I am sure the password is correct. This is affecting my work today.",Account
TRN-000747,"Hello, Internet speed on the third floor is extremely slow this morning. Please help as soon as possible.",Network
TRN-000748,"Hi, My account got locked after too many failed login attempts. This is affecting my work today.",Account
TRN-000749,"Hi, I would like feedback on the recent helpdesk satisfaction survey. I will be out of office tomorrow afternoon. This is affecting my work today.",Other
TRN-000750,"Hello, My account shows a login attempt from a location I do not recognize. I appreciate the team's help with previous tickets. This is affecting my work today.",Security
TRN-000751,"Hi support team, I have a question about expense reimbursement for a work trip. Please help as soon as possible.",Other
TRN-000752,"Hi support team, My laptop battery drains fully within thirty minutes. This has happened once before a few months ago. This is affecting my work today.",Hardware
TRN-000753,"Hi, I noticed unfamiliar software running in the background of my computer. I appreciate the team's help with previous tickets. Let me know what you need from me.",Security
TRN-000754,"Dear helpdesk, I would like to request a new desk chair for the office. By the way, thank you for the fast response last time. Any help would be appreciated.",Other
TRN-000755,"Dear helpdesk, The shared network drive is unreachable from my desktop. Our team is currently in the middle of a big deadline. Please help as soon as possible.",Network
TRN-000756,"Hi support team, Internet speed on the third floor is extremely slow this morning. This is affecting my work today.",Network
TRN-000757,"Dear helpdesk, My mouse cursor freezes randomly during the day. I would like this resolved soon.",Hardware
TRN-000758,"Hi support team, The remote desktop connection drops every time I try to log in. Let me know what you need from me.",Network
TRN-000759,"Good morning, Could you confirm the parking policy for visitors next month. Please help as soon as possible.",Other
TRN-000760,"Hello, My mouse cursor freezes randomly during the day. Our team is currently in the middle of a big deadline. Please help as soon as possible.",Hardware
TRN-000761,"Dear helpdesk, Could you confirm the parking policy for visitors next month. Let me know what you need from me.",Other
TRN-000762,"Hello, The internal dashboard shows a blank page after the server update. Thanks in advance for your help.",Software
TRN-000763,"Good morning, The mobile app keeps freezing on the login screen. Let me know what you need from me.",Software
TRN-000764,"Hello, The laptop fan is extremely loud and the case feels hot. I would like this resolved soon.",Hardware
TRN-000765,"Good morning, The shared network drive is unreachable from my desktop. By the way, thank you for the fast response last time. Let me know what you need from me.",Network
TRN-000766,"Hello, A firmware update left my laptop stuck on the boot screen. This has happened once before a few months ago. Thanks in advance for your help.",Hardware
TRN-000767,"To whom it may concern, I would like to request a new desk chair for the office. Thanks in advance for your help.",Other
TRN-000768,"Hello, Could you confirm the parking policy for visitors next month. I would like this resolved soon.",Other
TRN-000769,"Good morning, A firmware update left my laptop stuck on the boot screen. Let me know what you need from me.",Hardware
TRN-000770,"To whom it may concern, The webcam on my laptop is not detected by any application. Please help as soon as possible.",Hardware
TRN-000771,"Dear helpdesk, I was logged out of every application and cannot sign back in. This is the second time I am reporting a similar issue this quarter. I would like this resolved soon.",Account
TRN-000772,"Hi, The calendar sync stopped working after I updated the client. I would like this resolved soon.",Software
TRN-000773,"Dear helpdesk, I cannot connect to the VPN from home today. Our team is currently in the middle of a big deadline. Any help would be appreciated.",Network
TRN-000774,"To whom it may concern, The docking station is not charging my laptop anymore. This is affecting my work today.",Hardware
TRN-000775,"Good morning, Something about a recent message felt off and I want a second opinion. Please help as soon as possible.",Security
TRN-000776,"Hi support team, The latest update broke the spreadsheet macros I rely on. By the way, thank you for the fast response last time. I would like this resolved soon.",Software
TRN-000777,"Hello, My license for the design software appears to have expired. Any help would be appreciated.",Software
TRN-000778,"To whom it may concern, The webcam on my laptop is not detected by any application. Let me know what you need from me.",Hardware
TRN-000779,"Hello, I would like feedback on the recent helpdesk satisfaction survey. Please help as soon as possible.",Other
TRN-000780,"Hi, A colleague reported that someone is impersonating our support team. This is affecting my work today.",Security
TRN-000781,"Hello, None of my saved credentials seem to work anymore this week. This is affecting my work today.",Account
TRN-000782,"Dear helpdesk, The shared network drive is unreachable from my desktop. Let me know what you need from me.",Network
TRN-000783,"Hello, I was logged out of every application and cannot sign back in. Please help as soon as possible.",Account
TRN-000784,"To whom it may concern, The shared network drive is unreachable from my desktop. I would like this resolved soon.",Network
TRN-000785,"Dear helpdesk, The system says my account is disabled and I do not know why. I appreciate the team's help with previous tickets. I would like this resolved soon.",Account
TRN-000786,"To whom it may concern, I get a network unreachable error when opening internal tools. Please help as soon as possible.",Network
TRN-000787,"Hello, I forgot my username and need help recovering account access. Our team is currently in the middle of a big deadline. Thanks in advance for your help.",Account
TRN-000788,"Dear helpdesk, The shared network drive is unreachable from my desktop. Let me know what you need from me.",Network
TRN-000789,"Hi, Our office router seems to restart on its own several times a day. Please help as soon as possible.",Network
TRN-000790,"Dear helpdesk, I accidentally shared my password with what looked like an internal form. Any help would be appreciated.",Security
TRN-000791,"Hello, Two-factor authentication is not sending a code to my registered device. Please help as soon as possible.",Account
TRN-000792,"Good morning, An error dialog appears every time I open the accounting tool. Any help would be appreciated.",Software
TRN-000793,"Good morning, I have a general question about the new office badge policy. Thanks in advance for your help.",Other
TRN-000794,"Good morning, The coffee machine on our floor is out of order again. Thanks in advance for your help.",Other
TRN-000795,"Hello, I need to reset my password but the reset link never arrives. This is affecting my work today.",Account
TRN-000796,"Hello, I get a network unreachable error when opening internal tools. Thanks in advance for your help.",Network
TRN-000797,"Hi support team, Something on my desk setup just stopped turning on properly. This is the second time I am reporting a similar issue this quarter. Please help as soon as possible.",Hardware
TRN-000798,"Hi, The shared network drive is unreachable from my desktop. Thanks in advance for your help.",Network
TRN-000799,"Hi, My profile information is missing after the last account update. Any help would be appreciated.",Account
TRN-000800,"Hi, The internal dashboard shows a blank page after the server update. This is affecting my work today.",Software
TRN-000801,"Good morning, I get a network unreachable error when opening internal tools. Thanks in advance for your help.",Network
TRN-000802,"Dear helpdesk, I am worried something unusual happened with my access this week. I would like this resolved soon.",Security
TRN-000803,"To whom it may concern, My account was merged with another user and now settings are wrong. Let me know what you need from me.",Account
TRN-000804,"Hi support team, Two-factor authentication is not sending a code to my registered device. Let me know what you need from me.",Account
TRN-000805,"To whom it may concern, Everything online feels disconnected today, on and off all morning. Any help would be appreciated.",Network
TRN-000806,"Hi, The password reset email for my account never shows up in my inbox. This is the second time I am reporting a similar issue this quarter. Any help would be appreciated.",Account
TRN-000807,"Dear helpdesk, I would like feedback on the recent helpdesk satisfaction survey. Any help would be appreciated.",Other
TRN-000808,"Hello, The mobile app keeps freezing on the login screen. Let me know what you need from me.",Software
TRN-000809,"Dear helpdesk, My laptop screen stays black even after a full restart. Let me know what you need from me.",Hardware
TRN-000810,"Hi support team, Is there an update on the office relocation timeline. Please help as soon as possible.",Other
TRN-000811,"Hello, Our shared folder permissions changed without anyone approving it. This is affecting my work today.",Security
TRN-000812,"Good morning, Our office router seems to restart on its own several times a day. I will be out of office tomorrow afternoon. Thanks in advance for your help.",Network
TRN-000813,"Hi support team, I have a general question about the new office badge policy. This is affecting my work today.",Other
TRN-000814,"Hi support team, I got a message claiming my account will be closed unless I verify it immediately. By the way, thank you for the fast response last time. Please help as soon as possible.",Security
TRN-000815,"Dear helpdesk, My account shows a login attempt from a location I do not recognize. This is affecting my work today.",Security
TRN-000816,"Hi, I get a network unreachable error when opening internal tools. This is affecting my work today.",Network
TRN-000817,"Hi, The monitor keeps flickering and sometimes turns off completely. I would like this resolved soon.",Hardware
TRN-000818,"To whom it may concern, I forgot my username and need help recovering account access. Any help would be appreciated.",Account
TRN-000819,"Dear helpdesk, The shared network drive is unreachable from my desktop. This is affecting my work today.",Network
TRN-000820,"Dear helpdesk, I think my laptop might be infected after clicking a strange link. Thanks in advance for your help.",Security
TRN-000821,"To whom it may concern, The physical machine on my desk is behaving strangely since yesterday. Any help would be appreciated.",Hardware
TRN-000822,"Hi support team, The installer fails halfway through with an unknown error code. I would like this resolved soon.",Software
TRN-000823,"Hello, My laptop battery drains fully within thirty minutes. Please help as soon as possible.",Hardware
TRN-000824,"To whom it may concern, I think my laptop might be infected after clicking a strange link. I appreciate the team's help with previous tickets. This is affecting my work today.",Security
TRN-000825,"Good morning, Could you confirm the parking policy for visitors next month. Any help would be appreciated.",Other
TRN-000826,"Hi support team, The installer fails halfway through with an unknown error code. Thanks in advance for your help.",Software
TRN-000827,"Hi, My account got locked after too many failed login attempts. Let me know what you need from me.",Account
TRN-000828,"Hi support team, I would like feedback on the recent helpdesk satisfaction survey. Any help would be appreciated.",Other
TRN-000829,"Hi, Video calls keep freezing because of a poor connection. I will be out of office tomorrow afternoon. Any help would be appreciated.",Network
TRN-000830,"Hi support team, Video calls keep freezing because of a poor connection. I would like this resolved soon.",Network
TRN-000831,"Good morning, I forgot my username and need help recovering account access. Any help would be appreciated.",Account
TRN-000832,"Hi support team, A firmware update left my laptop stuck on the boot screen. Thanks in advance for your help.",Hardware
TRN-000833,"Hi, Something is wrong with how I sign in and I keep getting rejected. This is affecting my work today.",Account
TRN-000834,"Good morning, The remote desktop connection drops every time I try to log in. Any help would be appreciated.",Network
TRN-000835,"Hello, Internet speed on the third floor is extremely slow this morning. I would like this resolved soon.",Network
TRN-000836,"Hi, Is there an update on the office relocation timeline. This has happened once before a few months ago. Please help as soon as possible.",Other
TRN-000837,"Hello, My account got locked after too many failed login attempts. Our team is currently in the middle of a big deadline. I would like this resolved soon.",Account
TRN-000838,"Good morning, The password reset email for my account never shows up in my inbox. Any help would be appreciated.",Account
TRN-000839,"Hi support team, An error dialog appears every time I open the accounting tool. Please help as soon as possible.",Software
TRN-000840,"Dear helpdesk, The installer fails halfway through with an unknown error code. This is affecting my work today.",Software
TRN-000841,"Hi support team, A firmware update left my laptop stuck on the boot screen. Any help would be appreciated.",Hardware
TRN-000842,"Hello, Something about a recent message felt off and I want a second opinion. I will be out of office tomorrow afternoon. Thanks in advance for your help.",Security
TRN-000843,"To whom it may concern, Could you confirm the parking policy for visitors next month. Please help as soon as possible.",Other
TRN-000844,"Good morning, I would like feedback on the recent helpdesk satisfaction survey. Please help as soon as possible.",Other
TRN-000845,"Hello, Our office router seems to restart on its own several times a day. Thanks in advance for your help.",Network
TRN-000846,"To whom it may concern, My laptop shows connected to wifi but no pages will load. Our team is currently in the middle of a big deadline. Please help as soon as possible.",Network
TRN-000847,"Hello, A colleague reported that someone is impersonating our support team. Please help as soon as possible.",Security
TRN-000848,"Hi support team, Video calls keep freezing because of a poor connection. Let me know what you need from me.",Network
TRN-000849,"Hello, The reporting application crashes every time I try to export a file. This is affecting my work today.",Software
TRN-000850,"Hi, The shared network drive is unreachable from my desktop. Thanks in advance for your help.",Network
TRN-000851,"Dear helpdesk, My mouse cursor freezes randomly during the day. This is affecting my work today.",Hardware
TRN-000852,"Good morning, The monitor keeps flickering and sometimes turns off completely. Let me know what you need from me.",Hardware
TRN-000853,"Good morning, A colleague reported that someone is impersonating our support team. Please help as soon as possible.",Security
TRN-000854,"Hello, Everything online feels disconnected today, on and off all morning. This has happened once before a few months ago. Any help would be appreciated.",Network
TRN-000855,"Good morning, My keyboard has several keys that stopped responding. Let me know what you need from me.",Hardware
TRN-000856,"Hi, The password reset email for my account never shows up in my inbox. Thanks in advance for your help.",Account
TRN-000857,"Dear helpdesk, Can you tell me who to contact about a facilities request. Thanks in advance for your help.",Other
TRN-000858,"To whom it may concern, The system says my account is disabled and I do not know why. I would like this resolved soon.",Account
TRN-000859,"To whom it may concern, Is there an update on the office relocation timeline. Any help would be appreciated.",Other
TRN-000860,"To whom it may concern, The password reset email for my account never shows up in my inbox. Thanks in advance for your help.",Account
TRN-000861,"Hello, The mobile app keeps freezing on the login screen. Let me know what you need from me.",Software
TRN-000862,"Hi, I noticed unfamiliar software running in the background of my computer. Any help would be appreciated.",Security
TRN-000863,"Hi, I cannot open any document since the last software update. Please help as soon as possible.",Software
TRN-000864,"Good morning, The system says my account is disabled and I do not know why. Thanks in advance for your help.",Account
TRN-000865,"To whom it may concern, I cannot connect to the VPN from home today. I would like this resolved soon.",Network
TRN-000866,"Good morning, The system says my account is disabled and I do not know why. Our team is currently in the middle of a big deadline. I would like this resolved soon.",Account
TRN-000867,"To whom it may concern, The system says my account is disabled and I do not know why. Please help as soon as possible.",Account
TRN-000868,"Hi, I have a question about expense reimbursement for a work trip. This is affecting my work today.",Other
TRN-000869,"Hi, The reporting application crashes every time I try to export a file. Please help as soon as possible.",Software
TRN-000870,"To whom it may concern, I was logged out of every application and cannot sign back in. By the way, thank you for the fast response last time. I would like this resolved soon.",Account
TRN-000871,"Hi support team, Could you confirm the parking policy for visitors next month. Our team is currently in the middle of a big deadline. Let me know what you need from me.",Other
TRN-000872,"Dear helpdesk, My laptop screen stays black even after a full restart. This is affecting my work today.",Hardware
TRN-000873,"Good morning, I forgot my username and need help recovering account access. Thanks in advance for your help.",Account
TRN-000874,"Good morning, The monitor keeps flickering and sometimes turns off completely. Let me know what you need from me.",Hardware
TRN-000875,"To whom it may concern, The webcam on my laptop is not detected by any application. Please help as soon as possible.",Hardware
TRN-000876,"To whom it may concern, The docking station is not charging my laptop anymore. Any help would be appreciated.",Hardware
TRN-000877,"Dear helpdesk, The internal dashboard shows a blank page after the server update. Please help as soon as possible.",Software
TRN-000878,"Good morning, The password reset email for my account never shows up in my inbox. I would like this resolved soon.",Account
TRN-000879,"Good morning, The antivirus alert keeps flagging a file I did not download. This is affecting my work today.",Security
TRN-000880,"Hello, The password reset email for my account never shows up in my inbox. Any help would be appreciated.",Account
TRN-000881,"To whom it may concern, My license for the design software appears to have expired. This has happened once before a few months ago. Any help would be appreciated.",Software
TRN-000882,"Good morning, An error dialog appears every time I open the accounting tool. This is affecting my work today.",Software
TRN-000883,"Hi support team, My profile information is missing after the last account update. Please help as soon as possible.",Account
TRN-000884,"Hi, I cannot open any document since the last software update. Let me know what you need from me.",Software
TRN-000885,"Hi support team, My account shows a login attempt from a location I do not recognize. Please help as soon as possible.",Security
TRN-000886,"Hi support team, An error dialog appears every time I open the accounting tool. Thanks in advance for your help.",Software
TRN-000887,"Hi support team, Our shared folder permissions changed without anyone approving it. Let me know what you need from me.",Security
TRN-000888,"Dear helpdesk, The remote desktop connection drops every time I try to log in. This is affecting my work today.",Network
TRN-000889,"Hi, My laptop battery drains fully within thirty minutes. By the way, thank you for the fast response last time. I would like this resolved soon.",Hardware
TRN-000890,"Hello, I would like feedback on the recent helpdesk satisfaction survey. Let me know what you need from me.",Other
TRN-000891,"Good morning, Internet speed on the third floor is extremely slow this morning. Let me know what you need from me.",Network
TRN-000892,"Dear helpdesk, My account shows a login attempt from a location I do not recognize. Thanks in advance for your help.",Security
TRN-000893,"Good morning, Something is wrong with how I sign in and I keep getting rejected. Please help as soon as possible.",Account
TRN-000894,"To whom it may concern, Video calls keep freezing because of a poor connection. Thanks in advance for your help.",Network
TRN-000895,"Dear helpdesk, The shared network drive is unreachable from my desktop. Thanks in advance for your help.",Network
TRN-000896,"Hi support team, The webcam on my laptop is not detected by any application. Our team is currently in the middle of a big deadline. Any help would be appreciated.",Hardware
TRN-000897,"Hi, I get a network unreachable error when opening internal tools. I appreciate the team's help with previous tickets. Please help as soon as possible.",Network
TRN-000898,"Hi support team, Two-factor authentication is not sending a code to my registered device. Our team is currently in the middle of a big deadline. Thanks in advance for your help.",Account
TRN-000899,"To whom it may concern, My keyboard has several keys that stopped responding. Please help as soon as possible.",Hardware
TRN-000900,"Hi support team, The mobile app keeps freezing on the login screen. This is affecting my work today.",Software
TRN-000901,"Hi support team, The password reset email for my account never shows up in my inbox. This has happened once before a few months ago. I would like this resolved soon.",Account
TRN-000902,"Hi support team, Internet speed on the third floor is extremely slow this morning. Let me know what you need from me.",Network
TRN-000903,"To whom it may concern, This is more of a general office matter than a computer problem. Thanks in advance for your help.",Other
TRN-000904,"Hi, I received a suspicious email asking me to confirm my password. I will be out of office tomorrow afternoon. Thanks in advance for your help.",Security
TRN-000905,"Hi, The installer fails halfway through with an unknown error code. This has happened once before a few months ago. Please help as soon as possible.",Software
TRN-000906,"Dear helpdesk, I cannot log into my account even though I am sure the password is correct. Let me know what you need from me.",Account
TRN-000907,"Dear helpdesk, Could you confirm the parking policy for visitors next month. Thanks in advance for your help.",Other
TRN-000908,"Dear helpdesk, An error dialog appears every time I open the accounting tool. Let me know what you need from me.",Software
TRN-000909,"Good morning, A colleague reported that someone is impersonating our support team. This has happened once before a few months ago. Please help as soon as possible.",Security
TRN-000910,"Good morning, Could you confirm the parking policy for visitors next month. Thanks in advance for your help.",Other
TRN-000911,"To whom it may concern, I have a question about expense reimbursement for a work trip. Thanks in advance for your help.",Other
TRN-000912,"Hello, I need to reset my password but the reset link never arrives. Let me know what you need from me.",Account
TRN-000913,"Hello, Our shared folder permissions changed without anyone approving it. By the way, thank you for the fast response last time. Any help would be appreciated.",Security
TRN-000914,"Hi, A recent patch removed a feature our whole team depends on. Please help as soon as possible.",Software
TRN-000915,"Dear helpdesk, The latest update broke the spreadsheet macros I rely on. I would like this resolved soon.",Software
TRN-000916,"Hi support team, My laptop shows connected to wifi but no pages will load. This is affecting my work today.",Network
TRN-000917,"Hi, I noticed unfamiliar software running in the background of my computer. This is affecting my work today.",Security
TRN-000918,"Good morning, I forgot my username and need help recovering account access. Thanks in advance for your help.",Account
TRN-000919,"Dear helpdesk, Our office router seems to restart on its own several times a day. Thanks in advance for your help.",Network
TRN-000920,"Good morning, My profile information is missing after the last account update. I would like this resolved soon.",Account
TRN-000921,"Hi support team, The remote desktop connection drops every time I try to log in. Please help as soon as possible.",Network
TRN-000922,"To whom it may concern, The office printer on the second floor is jammed again. Thanks in advance for your help.",Hardware
TRN-000923,"Good morning, Video calls keep freezing because of a poor connection. Any help would be appreciated.",Network
TRN-000924,"To whom it may concern, I forgot my username and need help recovering account access. This is the second time I am reporting a similar issue this quarter. Please help as soon as possible.",Account
TRN-000925,"Dear helpdesk, A recent patch removed a feature our whole team depends on. I would like this resolved soon.",Software
TRN-000926,"Good morning, The monitor keeps flickering and sometimes turns off completely. This is affecting my work today.",Hardware
TRN-000927,"Hello, My mouse cursor freezes randomly during the day. Thanks in advance for your help.",Hardware
TRN-000928,"To whom it may concern, The internal dashboard shows a blank page after the server update. Please help as soon as possible.",Software
TRN-000929,"Hi support team, My account got locked after too many failed login attempts. Any help would be appreciated.",Account
TRN-000930,"To whom it may concern, I cannot connect to the VPN from home today. Please help as soon as possible.",Network
TRN-000931,"Hi support team, My account got locked after too many failed login attempts. Let me know what you need from me.",Account
TRN-000932,"Hi support team, I get a network unreachable error when opening internal tools. Any help would be appreciated.",Network
TRN-000933,"Good morning, Someone asked me over chat to send my login details for a system check. This is affecting my work today.",Security
TRN-000934,"Hello, My laptop shows connected to wifi but no pages will load. Please help as soon as possible.",Network
TRN-000935,"Hello, My account shows a login attempt from a location I do not recognize. This is affecting my work today.",Security
TRN-000936,"To whom it may concern, I would like to request a new desk chair for the office. Any help would be appreciated.",Other
TRN-000937,"Dear helpdesk, I received a suspicious email asking me to confirm my password. This is affecting my work today.",Security
TRN-000938,"Hello, The shared network drive is unreachable from my desktop. Let me know what you need from me.",Network
TRN-000939,"To whom it may concern, Our office router seems to restart on its own several times a day. Our team is currently in the middle of a big deadline. Let me know what you need from me.",Network
TRN-000940,"Dear helpdesk, This is more of a general office matter than a computer problem. Thanks in advance for your help.",Other
TRN-000941,"Hi support team, The password reset email for my account never shows up in my inbox. I would like this resolved soon.",Account
TRN-000942,"Good morning, The reporting application crashes every time I try to export a file. This is the second time I am reporting a similar issue this quarter. Please help as soon as possible.",Software
TRN-000943,"Hi, I get a network unreachable error when opening internal tools. This has happened once before a few months ago. I would like this resolved soon.",Network
TRN-000944,"Dear helpdesk, I cannot open any document since the last software update. Thanks in advance for your help.",Software
TRN-000945,"To whom it may concern, The installer fails halfway through with an unknown error code. By the way, thank you for the fast response last time. Please help as soon as possible.",Software
TRN-000946,"To whom it may concern, A colleague reported that someone is impersonating our support team. This has happened once before a few months ago. Thanks in advance for your help.",Security
TRN-000947,"To whom it may concern, A tool I rely on stopped doing what it used to do correctly. Please help as soon as possible.",Software
TRN-000948,"To whom it may concern, The office wifi keeps disconnecting every few minutes. Our team is currently in the middle of a big deadline. Any help would be appreciated.",Network
TRN-000949,"Good morning, I noticed unfamiliar software running in the background of my computer. This is affecting my work today.",Security
TRN-000950,"Dear helpdesk, My keyboard has several keys that stopped responding. Thanks in advance for your help.",Hardware
TRN-000951,"Hi, I have a general question about the new office badge policy. Please help as soon as possible.",Other
TRN-000952,"Hello, A firmware update left my laptop stuck on the boot screen. I would like this resolved soon.",Hardware
TRN-000953,"To whom it may concern, I get a network unreachable error when opening internal tools. This has happened once before a few months ago. Let me know what you need from me.",Network
TRN-000954,"Dear helpdesk, I received a suspicious email asking me to confirm my password. Please help as soon as possible.",Security
TRN-000955,"Hi, My account got locked after too many failed login attempts. Any help would be appreciated.",Account
TRN-000956,"To whom it may concern, I get a network unreachable error when opening internal tools. I would like this resolved soon.",Network
TRN-000957,"Good morning, A firmware update left my laptop stuck on the boot screen. By the way, thank you for the fast response last time. Please help as soon as possible.",Hardware
TRN-000958,"Hi, I accidentally shared my password with what looked like an internal form. Any help would be appreciated.",Security
TRN-000959,"Hi support team, I have a general question about the new office badge policy. Any help would be appreciated.",Other
TRN-000960,"Dear helpdesk, The office printer on the second floor is jammed again. This has happened once before a few months ago. Please help as soon as possible.",Hardware
TRN-000961,"Hi support team, I was logged out of every application and cannot sign back in. I would like this resolved soon.",Account
TRN-000962,"To whom it may concern, I cannot log into my account even though I am sure the password is correct. I would like this resolved soon.",Account
TRN-000963,"Hi support team, The password reset email for my account never shows up in my inbox. I would like this resolved soon.",Account
TRN-000964,"Hi, Could you confirm the parking policy for visitors next month. Thanks in advance for your help.",Other
TRN-000965,"Good morning, I want to suggest an improvement for the internal ticketing process. I would like this resolved soon.",Other
TRN-000966,"Good morning, I need to reset my password but the reset link never arrives. This has happened once before a few months ago. Please help as soon as possible.",Account
TRN-000967,"Good morning, I cannot open any document since the last software update. I would like this resolved soon.",Software
TRN-000968,"Good morning, Is there an update on the office relocation timeline. Please help as soon as possible.",Other
TRN-000969,"Hi, I think my laptop might be infected after clicking a strange link. I would like this resolved soon.",Security
TRN-000970,"Hi, The installer fails halfway through with an unknown error code. This is affecting my work today.",Software
TRN-000971,"Hello, The office wifi keeps disconnecting every few minutes. Let me know what you need from me.",Network
TRN-000972,"Dear helpdesk, I want to suggest an improvement for the internal ticketing process. I will be out of office tomorrow afternoon. Thanks in advance for your help.",Other
TRN-000973,"To whom it may concern, I got a message claiming my account will be closed unless I verify it immediately. Thanks in advance for your help.",Security
TRN-000974,"To whom it may concern, I received a suspicious email asking me to confirm my password. I would like this resolved soon.",Security
TRN-000975,"Hi, The calendar sync stopped working after I updated the client. I would like this resolved soon.",Software
TRN-000976,"To whom it may concern, The installer fails halfway through with an unknown error code. Let me know what you need from me.",Software
TRN-000977,"Hello, My license for the design software appears to have expired. I would like this resolved soon.",Software
TRN-000978,"Good morning, The internal dashboard shows a blank page after the server update. I would like this resolved soon.",Software
TRN-000979,"Hello, The installer fails halfway through with an unknown error code. Please help as soon as possible.",Software
TRN-000980,"Dear helpdesk, I accidentally shared my password with what looked like an internal form. By the way, thank you for the fast response last time. I would like this resolved soon.",Security
TRN-000981,"To whom it may concern, The remote desktop connection drops every time I try to log in. Please help as soon as possible.",Network
TRN-000982,"To whom it may concern, My license for the design software appears to have expired. This is affecting my work today.",Software
TRN-000983,"Hi support team, The latest update broke the spreadsheet macros I rely on. This is affecting my work today.",Software
TRN-000984,"To whom it may concern, My profile information is missing after the last account update. I would like this resolved soon.",Account
TRN-000985,"Good morning, I received a suspicious email asking me to confirm my password. This has happened once before a few months ago. Any help would be appreciated.",Security
TRN-000986,"Dear helpdesk, My laptop screen stays black even after a full restart. This is affecting my work today.",Hardware
TRN-000987,"Hello, The latest update broke the spreadsheet macros I rely on. Please help as soon as possible.",Software
TRN-000988,"Good morning, The physical machine on my desk is behaving strangely since yesterday. This is affecting my work today.",Hardware
TRN-000989,"Dear helpdesk, Someone asked me over chat to send my login details for a system check. Please help as soon as possible.",Security
TRN-000990,"To whom it may concern, I need to reset my password but the reset link never arrives. Thanks in advance for your help.",Account
TRN-000991,"Hi support team, The office wifi keeps disconnecting every few minutes. I would like this resolved soon.",Network
TRN-000992,"Hello, I cannot open any document since the last software update. By the way, thank you for the fast response last time. This is affecting my work today.",Software
TRN-000993,"To whom it may concern, The office printer on the second floor is jammed again. I appreciate the team's help with previous tickets. This is affecting my work today.",Hardware
TRN-000994,"To whom it may concern, I have a request that does not really fit any technical category. I appreciate the team's help with previous tickets. Any help would be appreciated.",Other
TRN-000995,"Hello, I received a suspicious email asking me to confirm my password. Thanks in advance for your help.",Security
TRN-000996,"Hello, An error dialog appears every time I open the accounting tool. This is the second time I am reporting a similar issue this quarter. Thanks in advance for your help.",Software
TRN-000997,"Dear helpdesk, Someone asked me over chat to send my login details for a system check. Thanks in advance for your help.",Security
TRN-000998,"Hi support team, Can someone update the meeting room booking calendar for next week. This is the second time I am reporting a similar issue this quarter. I would like this resolved soon.",Other
TRN-000999,"Hi, My account was merged with another user and now settings are wrong. I would like this resolved soon.",Account
TRN-001000,"Hello, My laptop shows connected to wifi but no pages will load. I would like this resolved soon.",Network
TRN-001001,"Good morning, The password reset email for my account never shows up in my inbox. Let me know what you need from me.",Account
TRN-001002,"Hello, I cannot open any document since the last software update. Please help as soon as possible.",Software
TRN-001003,"Hello, The reporting application crashes every time I try to export a file. Any help would be appreciated.",Software
TRN-001004,"Dear helpdesk, The office wifi keeps disconnecting every few minutes. Please help as soon as possible.",Network
TRN-001005,"Good morning, My keyboard has several keys that stopped responding. Please help as soon as possible.",Hardware
TRN-001006,"Hi support team, The system says my account is disabled and I do not know why. Let me know what you need from me.",Account
TRN-001007,"Good morning, I was logged out of every application and cannot sign back in. This is affecting my work today.",Account
TRN-001008,"To whom it may concern, Our shared folder permissions changed without anyone approving it. Please help as soon as possible.",Security
TRN-001009,"Good morning, The office printer on the second floor is jammed again. Let me know what you need from me.",Hardware
TRN-001010,"To whom it may concern, I need to reset my password but the reset link never arrives. Let me know what you need from me.",Account
TRN-001011,"Hi support team, Two-factor authentication is not sending a code to my registered device. Any help would be appreciated.",Account
TRN-001012,"Hi, I was logged out of every application and cannot sign back in. Let me know what you need from me.",Account
TRN-001013,"To whom it may concern, A recent patch removed a feature our whole team depends on. This is affecting my work today.",Software
TRN-001014,"Hello, Two-factor authentication is not sending a code to my registered device. Please help as soon as possible.",Account
TRN-001015,"Hi support team, Could you confirm the parking policy for visitors next month. I would like this resolved soon.",Other
TRN-001016,"Good morning, I am worried something unusual happened with my access this week. This has happened once before a few months ago. Let me know what you need from me.",Security
TRN-001017,"Dear helpdesk, I think my laptop might be infected after clicking a strange link. Our team is currently in the middle of a big deadline. I would like this resolved soon.",Security
TRN-001018,"Hi support team, The webcam on my laptop is not detected by any application. Please help as soon as possible.",Hardware
TRN-001019,"Hello, Can you tell me who to contact about a facilities request. Any help would be appreciated.",Other
TRN-001020,"To whom it may concern, I think my laptop might be infected after clicking a strange link. Please help as soon as possible.",Security
TRN-001021,"Hi support team, The ethernet port in the meeting room does not seem to work. Our team is currently in the middle of a big deadline. Any help would be appreciated.",Network
TRN-001022,"Hi, The reporting application crashes every time I try to export a file. Let me know what you need from me.",Software
TRN-001023,"Good morning, I would like to request a new desk chair for the office. Any help would be appreciated.",Other
TRN-001024,"To whom it may concern, Can someone update the meeting room booking calendar for next week. This is affecting my work today.",Other
TRN-001025,"Dear helpdesk, My account shows a login attempt from a location I do not recognize. I would like this resolved soon.",Security
TRN-001026,"Hi, I cannot log into my account even though I am sure the password is correct. Our team is currently in the middle of a big deadline. This is affecting my work today.",Account
TRN-001027,"Hello, Can someone update the meeting room booking calendar for next week. This is the second time I am reporting a similar issue this quarter. Thanks in advance for your help.",Other
TRN-001028,"Hi support team, I was logged out of every application and cannot sign back in. Any help would be appreciated.",Account
TRN-001029,"Good morning, The mobile app keeps freezing on the login screen. Please help as soon as possible.",Software
TRN-001030,"Hello, An error dialog appears every time I open the accounting tool. Let me know what you need from me.",Software
TRN-001031,"To whom it may concern, My profile information is missing after the last account update. Any help would be appreciated.",Account
TRN-001032,"Hi support team, I cannot log into my account even though I am sure the password is correct. Any help would be appreciated.",Account
TRN-001033,"Hi support team, Is there an update on the office relocation timeline. Any help would be appreciated.",Other
TRN-001034,"Dear helpdesk, I cannot connect to the VPN from home today. Any help would be appreciated.",Network
TRN-001035,"Hello, My account shows a login attempt from a location I do not recognize. I would like this resolved soon.",Security
TRN-001036,"Good morning, I think my laptop might be infected after clicking a strange link. Thanks in advance for your help.",Security
TRN-001037,"To whom it may concern, The monitor keeps flickering and sometimes turns off completely. Let me know what you need from me.",Hardware
TRN-001038,"Hi support team, I need to reset my password but the reset link never arrives. I would like this resolved soon.",Account
TRN-001039,"Good morning, The antivirus alert keeps flagging a file I did not download. Any help would be appreciated.",Security
TRN-001040,"Dear helpdesk, My account got locked after too many failed login attempts. Please help as soon as possible.",Account
TRN-001041,"To whom it may concern, The antivirus alert keeps flagging a file I did not download. This is affecting my work today.",Security
TRN-001042,"Dear helpdesk, Two-factor authentication is not sending a code to my registered device. I would like this resolved soon.",Account
TRN-001043,"Hi, My license for the design software appears to have expired. Any help would be appreciated.",Software
TRN-001044,"Good morning, The password reset email for my account never shows up in my inbox. This is the second time I am reporting a similar issue this quarter. This is affecting my work today.",Account
TRN-001045,"Hello, Two-factor authentication is not sending a code to my registered device. I would like this resolved soon.",Account
TRN-001046,"Dear helpdesk, The mobile app keeps freezing on the login screen. I would like this resolved soon.",Software
TRN-001047,"Dear helpdesk, I accidentally shared my password with what looked like an internal form. This is affecting my work today.",Security
TRN-001048,"Dear helpdesk, An error dialog appears every time I open the accounting tool. Thanks in advance for your help.",Software
TRN-001049,"Hi support team, The installer fails halfway through with an unknown error code. Let me know what you need from me.",Software
TRN-001050,"Hi support team, Video calls keep freezing because of a poor connection. This is affecting my work today.",Network
TRN-001051,"Dear helpdesk, Something is wrong with how I sign in and I keep getting rejected. I would like this resolved soon.",Account
TRN-001052,"To whom it may concern, Something is wrong with how I sign in and I keep getting rejected. Please help as soon as possible.",Account
TRN-001053,"Good morning, My account was merged with another user and now settings are wrong. Any help would be appreciated.",Account
TRN-001054,"Hi, The password reset email for my account never shows up in my inbox. Any help would be appreciated.",Account
TRN-001055,"Hi support team, The ethernet port in the meeting room does not seem to work. This is the second time I am reporting a similar issue this quarter. Any help would be appreciated.",Network
TRN-001056,"Dear helpdesk, My profile information is missing after the last account update. I would like this resolved soon.",Account
TRN-001057,"Hi, Is there an update on the office relocation timeline. Let me know what you need from me.",Other
TRN-001058,"Good morning, The coffee machine on our floor is out of order again. Any help would be appreciated.",Other
TRN-001059,"Good morning, The mobile app keeps freezing on the login screen. Any help would be appreciated.",Software
TRN-001060,"Hi, I was logged out of every application and cannot sign back in. Any help would be appreciated.",Account
TRN-001061,"Hi, Pages load, then stop loading, then load again without any pattern. This is affecting my work today.",Network
TRN-001062,"To whom it may concern, I was logged out of every application and cannot sign back in. Please help as soon as possible.",Account
TRN-001063,"Dear helpdesk, The coffee machine on our floor is out of order again. Please help as soon as possible.",Other
TRN-001064,"To whom it may concern, The password reset email for my account never shows up in my inbox. Thanks in advance for your help.",Account
TRN-001065,"Hi, The program I use daily behaves unexpectedly since the newest release. Let me know what you need from me.",Software
TRN-001066,"Hi support team, The office printer on the second floor is jammed again. Any help would be appreciated.",Hardware
TRN-001067,"Hi support team, A firmware update left my laptop stuck on the boot screen. Our team is currently in the middle of a big deadline. This is affecting my work today.",Hardware
TRN-001068,"Hi support team, I need to reset my password but the reset link never arrives. I appreciate the team's help with previous tickets. Thanks in advance for your help.",Account
TRN-001069,"Hi, A firmware update left my laptop stuck on the boot screen. Our team is currently in the middle of a big deadline. I would like this resolved soon.",Hardware
TRN-001070,"Hi, An error dialog appears every time I open the accounting tool. This is affecting my work today.",Software
TRN-001071,"Dear helpdesk, Our office router seems to restart on its own several times a day. I would like this resolved soon.",Network
TRN-001072,"To whom it may concern, Pages load, then stop loading, then load again without any pattern. Thanks in advance for your help.",Network
TRN-001073,"Hi support team, The laptop fan is extremely loud and the case feels hot. This is affecting my work today.",Hardware
TRN-001074,"To whom it may concern, Someone asked me over chat to send my login details for a system check. Any help would be appreciated.",Security
TRN-001075,"To whom it may concern, Someone asked me over chat to send my login details for a system check. Any help would be appreciated.",Security
TRN-001076,"Hi support team, Everything online feels disconnected today, on and off all morning. Thanks in advance for your help.",Network
TRN-001077,"To whom it may concern, I forgot my username and need help recovering account access. Thanks in advance for your help.",Account
TRN-001078,"Hi support team, Our office router seems to restart on its own several times a day. Any help would be appreciated.",Network
TRN-001079,"Good morning, Something about a recent message felt off and I want a second opinion. Thanks in advance for your help.",Security
TRN-001080,"To whom it may concern, My laptop battery drains fully within thirty minutes. Please help as soon as possible.",Hardware
TRN-001081,"To whom it may concern, My laptop battery drains fully within thirty minutes. I would like this resolved soon.",Hardware
TRN-001082,"Good morning, My laptop shows connected to wifi but no pages will load. I would like this resolved soon.",Network
TRN-001083,"Hi, The installer fails halfway through with an unknown error code. Any help would be appreciated.",Software
TRN-001084,"Dear helpdesk, Video calls keep freezing because of a poor connection. By the way, thank you for the fast response last time. I would like this resolved soon.",Network
TRN-001085,"Hi, The office wifi keeps disconnecting every few minutes. Any help would be appreciated.",Network
TRN-001086,"Dear helpdesk, My license for the design software appears to have expired. Please help as soon as possible.",Software
TRN-001087,"Dear helpdesk, The program I use daily behaves unexpectedly since the newest release. Any help would be appreciated.",Software
TRN-001088,"Dear helpdesk, An error dialog appears every time I open the accounting tool. Any help would be appreciated.",Software
TRN-001089,"Hi support team, The monitor keeps flickering and sometimes turns off completely. Please help as soon as possible.",Hardware
TRN-001090,"Dear helpdesk, I got a message claiming my account will be closed unless I verify it immediately. Any help would be appreciated.",Security
TRN-001091,"Good morning, Our office router seems to restart on its own several times a day. Thanks in advance for your help.",Network
TRN-001092,"Hello, I cannot connect to the VPN from home today. I would like this resolved soon.",Network
TRN-001093,"To whom it may concern, My profile information is missing after the last account update. Any help would be appreciated.",Account
TRN-001094,"Hi support team, A colleague reported that someone is impersonating our support team. Any help would be appreciated.",Security
TRN-001095,"To whom it may concern, The latest update broke the spreadsheet macros I rely on. Let me know what you need from me.",Software
TRN-001096,"Good morning, Something is wrong with how I sign in and I keep getting rejected. This is the second time I am reporting a similar issue this quarter. Any help would be appreciated.",Account
TRN-001097,"Hello, The ethernet port in the meeting room does not seem to work. This has happened once before a few months ago. Please help as soon as possible.",Network
TRN-001098,"Good morning, The password reset email for my account never shows up in my inbox. I would like this resolved soon.",Account
TRN-001099,"To whom it may concern, Could you confirm the parking policy for visitors next month. This is affecting my work today.",Other
TRN-001100,"To whom it may concern, The latest update broke the spreadsheet macros I rely on. Let me know what you need from me.",Software
TRN-001101,"To whom it may concern, My account got locked after too many failed login attempts. I would like this resolved soon.",Account
TRN-001102,"To whom it may concern, The installer fails halfway through with an unknown error code. Please help as soon as possible.",Software
TRN-001103,"Hi support team, The docking station is not charging my laptop anymore. Thanks in advance for your help.",Hardware
TRN-001104,"To whom it may concern, Our shared folder permissions changed without anyone approving it. This is affecting my work today.",Security
TRN-001105,"To whom it may concern, Can you tell me who to contact about a facilities request. Please help as soon as possible.",Other
TRN-001106,"To whom it may concern, The antivirus alert keeps flagging a file I did not download. Thanks in advance for your help.",Security
TRN-001107,"To whom it may concern, Pages load, then stop loading, then load again without any pattern. This is affecting my work today.",Network
TRN-001108,"Hi, My account got locked after too many failed login attempts. I will be out of office tomorrow afternoon. I would like this resolved soon.",Account
TRN-001109,"Good morning, I forgot my username and need help recovering account access. Please help as soon as possible.",Account
TRN-001110,"Dear helpdesk, I get a network unreachable error when opening internal tools. Any help would be appreciated.",Network
TRN-001111,"Good morning, A firmware update left my laptop stuck on the boot screen. Any help would be appreciated.",Hardware
TRN-001112,"Hi, The calendar sync stopped working after I updated the client. By the way, thank you for the fast response last time. This is affecting my work today.",Software
TRN-001113,"To whom it may concern, The office printer on the second floor is jammed again. I would like this resolved soon.",Hardware
TRN-001114,"To whom it may concern, The remote desktop connection drops every time I try to log in. I will be out of office tomorrow afternoon. Thanks in advance for your help.",Network
TRN-001115,"Good morning, The physical machine on my desk is behaving strangely since yesterday. Thanks in advance for your help.",Hardware
TRN-001116,"Good morning, I would like feedback on the recent helpdesk satisfaction survey. Any help would be appreciated.",Other
TRN-001117,"Hi support team, Internet speed on the third floor is extremely slow this morning. I appreciate the team's help with previous tickets. Thanks in advance for your help.",Network
TRN-001118,"Good morning, Video calls keep freezing because of a poor connection. Thanks in advance for your help.",Network
TRN-001119,"Dear helpdesk, I cannot log into my account even though I am sure the password is correct. Any help would be appreciated.",Account
TRN-001120,"To whom it may concern, The installer fails halfway through with an unknown error code. Thanks in advance for your help.",Software
TRN-001121,"Dear helpdesk, The coffee machine on our floor is out of order again. Thanks in advance for your help.",Other
TRN-001122,"Good morning, My account shows a login attempt from a location I do not recognize. I would like this resolved soon.",Security
TRN-001123,"To whom it may concern, The remote desktop connection drops every time I try to log in. I would like this resolved soon.",Network
TRN-001124,"To whom it may concern, I was logged out of every application and cannot sign back in. This is affecting my work today.",Account
TRN-001125,"Dear helpdesk, I would like feedback on the recent helpdesk satisfaction survey. Please help as soon as possible.",Other
TRN-001126,"Dear helpdesk, I think my laptop might be infected after clicking a strange link. Please help as soon as possible.",Security
TRN-001127,"Hello, I would like to request a new desk chair for the office. Please help as soon as possible.",Other
TRN-001128,"Hi support team, The password reset email for my account never shows up in my inbox. I would like this resolved soon.",Account
TRN-001129,"Good morning, I need to reset my password but the reset link never arrives. Thanks in advance for your help.",Account
TRN-001130,"Hi, The webcam on my laptop is not detected by any application. Any help would be appreciated.",Hardware
TRN-001131,"Good morning, I accidentally shared my password with what looked like an internal form. I would like this resolved soon.",Security
TRN-001132,"Dear helpdesk, My account was merged with another user and now settings are wrong. Please help as soon as possible.",Account
TRN-001133,"To whom it may concern, The latest update broke the spreadsheet macros I rely on. Let me know what you need from me.",Software
TRN-001134,"Dear helpdesk, The system says my account is disabled and I do not know why. I would like this resolved soon.",Account
TRN-001135,"Dear helpdesk, I cannot connect to the VPN from home today. Please help as soon as possible.",Network
TRN-001136,"Hello, My account got locked after too many failed login attempts. I would like this resolved soon.",Account
TRN-001137,"Hi support team, My account shows a login attempt from a location I do not recognize. I would like this resolved soon.",Security
TRN-001138,"Dear helpdesk, I want to suggest an improvement for the internal ticketing process. Please help as soon as possible.",Other
TRN-001139,"Hi, The docking station is not charging my laptop anymore. I would like this resolved soon.",Hardware
TRN-001140,"Hi, I accidentally shared my password with what looked like an internal form. Let me know what you need from me.",Security
TRN-001141,"Hi support team, The docking station is not charging my laptop anymore. This has happened once before a few months ago. This is affecting my work today.",Hardware
TRN-001142,"Good morning, A colleague reported that someone is impersonating our support team. Please help as soon as possible.",Security
TRN-001143,"To whom it may concern, My mouse cursor freezes randomly during the day. Any help would be appreciated.",Hardware
TRN-001144,"To whom it may concern, My laptop shows connected to wifi but no pages will load. I would like this resolved soon.",Network
TRN-001145,"Hi, This is more of a general office matter than a computer problem. Let me know what you need from me.",Other
TRN-001146,"Dear helpdesk, I need to reset my password but the reset link never arrives. Our team is currently in the middle of a big deadline. Thanks in advance for your help.",Account
TRN-001147,"Good morning, Something about a recent message felt off and I want a second opinion. Any help would be appreciated.",Security
TRN-001148,"To whom it may concern, The office wifi keeps disconnecting every few minutes. Thanks in advance for your help.",Network
TRN-001149,"Good morning, A firmware update left my laptop stuck on the boot screen. Let me know what you need from me.",Hardware
TRN-001150,"Hi, I cannot open any document since the last software update. This is affecting my work today.",Software
TRN-001151,"Dear helpdesk, The antivirus alert keeps flagging a file I did not download. This has happened once before a few months ago. Thanks in advance for your help.",Security
TRN-001152,"Hi, My profile information is missing after the last account update. I would like this resolved soon.",Account
TRN-001153,"Hi support team, The installer fails halfway through with an unknown error code. Any help would be appreciated.",Software
TRN-001154,"To whom it may concern, A colleague reported that someone is impersonating our support team. Thanks in advance for your help.",Security
TRN-001155,"Dear helpdesk, Two-factor authentication is not sending a code to my registered device. Let me know what you need from me.",Account
TRN-001156,"Dear helpdesk, Can you tell me who to contact about a facilities request. Please help as soon as possible.",Other
TRN-001157,"Dear helpdesk, I get a network unreachable error when opening internal tools. Let me know what you need from me.",Network
TRN-001158,"Hi support team, The remote desktop connection drops every time I try to log in. Let me know what you need from me.",Network
TRN-001159,"Dear helpdesk, A firmware update left my laptop stuck on the boot screen. Thanks in advance for your help.",Hardware
TRN-001160,"Hello, I cannot open any document since the last software update. I would like this resolved soon.",Software
TRN-001161,"Hi, Can someone update the meeting room booking calendar for next week. This is affecting my work today.",Other
TRN-001162,"Good morning, I cannot log into my account even though I am sure the password is correct. I would like this resolved soon.",Account
TRN-001163,"Hi support team, I have a question about expense reimbursement for a work trip. Thanks in advance for your help.",Other
TRN-001164,"Hi support team, The laptop fan is extremely loud and the case feels hot. By the way, thank you for the fast response last time. I would like this resolved soon.",Hardware
TRN-001165,"Hi, Two-factor authentication is not sending a code to my registered device. Please help as soon as possible.",Account
TRN-001166,"Hi, The webcam on my laptop is not detected by any application. I would like this resolved soon.",Hardware
TRN-001167,"Hello, Something is wrong with how I sign in and I keep getting rejected. Let me know what you need from me.",Account
TRN-001168,"Good morning, The password reset email for my account never shows up in my inbox. Let me know what you need from me.",Account
TRN-001169,"Hi support team, Two-factor authentication is not sending a code to my registered device. This is affecting my work today.",Account
TRN-001170,"Dear helpdesk, The program I use daily behaves unexpectedly since the newest release. Thanks in advance for your help.",Software
TRN-001171,"To whom it may concern, This is more of a general office matter than a computer problem. Thanks in advance for your help.",Other
TRN-001172,"Hi, I cannot connect to the VPN from home today. Let me know what you need from me.",Network
TRN-001173,"To whom it may concern, Video calls keep freezing because of a poor connection. This is the second time I am reporting a similar issue this quarter. Let me know what you need from me.",Network
TRN-001174,"Hello, The system says my account is disabled and I do not know why. Any help would be appreciated.",Account
TRN-001175,"Good morning, Video calls keep freezing because of a poor connection. This is affecting my work today.",Network
TRN-001176,"Good morning, My keyboard has several keys that stopped responding. Thanks in advance for your help.",Hardware
TRN-001177,"To whom it may concern, The docking station is not charging my laptop anymore. Please help as soon as possible.",Hardware
TRN-001178,"Hello, My laptop shows connected to wifi but no pages will load. Thanks in advance for your help.",Network
TRN-001179,"Hello, The shared network drive is unreachable from my desktop. Thanks in advance for your help.",Network
TRN-001180,"To whom it may concern, The password reset email for my account never shows up in my inbox. This is affecting my work today.",Account
TRN-001181,"To whom it may concern, I would like feedback on the recent helpdesk satisfaction survey. Let me know what you need from me.",Other
TRN-001182,"Dear helpdesk, I get a network unreachable error when opening internal tools. Any help would be appreciated.",Network
TRN-001183,"Dear helpdesk, Is there an update on the office relocation timeline. This is affecting my work today.",Other
TRN-001184,"Hi support team, My account was merged with another user and now settings are wrong. Please help as soon as possible.",Account
TRN-001185,"Dear helpdesk, My laptop shows connected to wifi but no pages will load. Any help would be appreciated.",Network
TRN-001186,"Hi, Our office router seems to restart on its own several times a day. This is affecting my work today.",Network
TRN-001187,"Good morning, My account got locked after too many failed login attempts. Any help would be appreciated.",Account
TRN-001188,"Good morning, My laptop shows connected to wifi but no pages will load. Thanks in advance for your help.",Network
TRN-001189,"Good morning, A colleague reported that someone is impersonating our support team. Let me know what you need from me.",Security
TRN-001190,"To whom it may concern, Two-factor authentication is not sending a code to my registered device. This is affecting my work today.",Account
TRN-001191,"Good morning, I forgot my username and need help recovering account access. Thanks in advance for your help.",Account
TRN-001192,"Dear helpdesk, Two-factor authentication is not sending a code to my registered device. Please help as soon as possible.",Account
TRN-001193,"Dear helpdesk, Can someone update the meeting room booking calendar for next week. This is affecting my work today.",Other
TRN-001194,"Hi, I accidentally shared my password with what looked like an internal form. I would like this resolved soon.",Security
TRN-001195,"Hi, I cannot open any document since the last software update. I would like this resolved soon.",Software
TRN-001196,"Dear helpdesk, My laptop battery drains fully within thirty minutes. I would like this resolved soon.",Hardware
TRN-001197,"Hi support team, Internet speed on the third floor is extremely slow this morning. Our team is currently in the middle of a big deadline. Let me know what you need from me.",Network
TRN-001198,"Hi support team, The physical machine on my desk is behaving strangely since yesterday. This has happened once before a few months ago. Any help would be appreciated.",Hardware
TRN-001199,"Dear helpdesk, The password reset email for my account never shows up in my inbox. This has happened once before a few months ago. Please help as soon as possible.",Account
TRN-001200,"Dear helpdesk, The calendar sync stopped working after I updated the client. I would like this resolved soon.",Software
TRN-001201,"Dear helpdesk, My mouse cursor freezes randomly during the day. This has happened once before a few months ago. Let me know what you need from me.",Hardware
TRN-001202,"To whom it may concern, I want to suggest an improvement for the internal ticketing process. Any help would be appreciated.",Other
TRN-001203,"Dear helpdesk, The office printer on the second floor is jammed again. Let me know what you need from me.",Hardware
TRN-001204,"To whom it may concern, My account was merged with another user and now settings are wrong. Any help would be appreciated.",Account
TRN-001205,"Hi support team, I think my laptop might be infected after clicking a strange link. This is affecting my work today.",Security
TRN-001206,"To whom it may concern, I noticed unfamiliar software running in the background of my computer. Thanks in advance for your help.",Security
TRN-001207,"Hello, The mobile app keeps freezing on the login screen. I will be out of office tomorrow afternoon. I would like this resolved soon.",Software
TRN-001208,"Good morning, Is there an update on the office relocation timeline. I would like this resolved soon.",Other
TRN-001209,"Hello, Someone asked me over chat to send my login details for a system check. I would like this resolved soon.",Security
TRN-001210,"Hello, The office wifi keeps disconnecting every few minutes. Any help would be appreciated.",Network
TRN-001211,"Good morning, Can someone update the meeting room booking calendar for next week. Our team is currently in the middle of a big deadline. I would like this resolved soon.",Other
TRN-001212,"Dear helpdesk, The latest update broke the spreadsheet macros I rely on. This is affecting my work today.",Software
TRN-001213,"To whom it may concern, The mobile app keeps freezing on the login screen. I would like this resolved soon.",Software
TRN-001214,"Hi, I have a question about expense reimbursement for a work trip. Any help would be appreciated.",Other
TRN-001215,"Hi support team, I accidentally shared my password with what looked like an internal form. Any help would be appreciated.",Security
TRN-001216,"Good morning, A firmware update left my laptop stuck on the boot screen. Our team is currently in the middle of a big deadline. Let me know what you need from me.",Hardware
TRN-001217,"Hello, My account shows a login attempt from a location I do not recognize. Thanks in advance for your help.",Security
TRN-001218,"Hi, The calendar sync stopped working after I updated the client. I would like this resolved soon.",Software
TRN-001219,"Hello, My keyboard has several keys that stopped responding. Please help as soon as possible.",Hardware
TRN-001220,"Good morning, I would like feedback on the recent helpdesk satisfaction survey. I would like this resolved soon.",Other
TRN-001221,"Dear helpdesk, My account was merged with another user and now settings are wrong. Let me know what you need from me.",Account
TRN-001222,"Hello, Could you confirm the parking policy for visitors next month. Any help would be appreciated.",Other
TRN-001223,"Hello, An error dialog appears every time I open the accounting tool. I would like this resolved soon.",Software
TRN-001224,"Hello, My license for the design software appears to have expired. Our team is currently in the middle of a big deadline. Please help as soon as possible.",Software
TRN-001225,"Good morning, Two-factor authentication is not sending a code to my registered device. Let me know what you need from me.",Account
TRN-001226,"Hi support team, The system says my account is disabled and I do not know why. This is affecting my work today.",Account
TRN-001227,"Hi, I have a general question about the new office badge policy. I appreciate the team's help with previous tickets. This is affecting my work today.",Other
TRN-001228,"Dear helpdesk, I cannot connect to the VPN from home today. Let me know what you need from me.",Network
TRN-001229,"To whom it may concern, The coffee machine on our floor is out of order again. This is affecting my work today.",Other
TRN-001230,"Hello, I am worried something unusual happened with my access this week. I would like this resolved soon.",Security
TRN-001231,"Hi support team, Something about a recent message felt off and I want a second opinion. Thanks in advance for your help.",Security
TRN-001232,"Hi, My laptop battery drains fully within thirty minutes. Let me know what you need from me.",Hardware
TRN-001233,"Hi support team, A colleague reported that someone is impersonating our support team. Let me know what you need from me.",Security
TRN-001234,"Hi support team, My laptop battery drains fully within thirty minutes. By the way, thank you for the fast response last time. Thanks in advance for your help.",Hardware
TRN-001235,"Hi, Our office router seems to restart on its own several times a day. Let me know what you need from me.",Network
TRN-001236,"Good morning, I have a question about expense reimbursement for a work trip. This is affecting my work today.",Other
TRN-001237,"Hi, I got a message claiming my account will be closed unless I verify it immediately. Thanks in advance for your help.",Security
TRN-001238,"Dear helpdesk, Something on my desk setup just stopped turning on properly. Thanks in advance for your help.",Hardware
TRN-001239,"Hello, Our shared folder permissions changed without anyone approving it. Any help would be appreciated.",Security
TRN-001240,"Hi support team, The laptop fan is extremely loud and the case feels hot. Please help as soon as possible.",Hardware
TRN-001241,"Good morning, The mobile app keeps freezing on the login screen. Let me know what you need from me.",Software
TRN-001242,"Hi support team, The latest update broke the spreadsheet macros I rely on. Thanks in advance for your help.",Software
TRN-001243,"Hello, My license for the design software appears to have expired. Thanks in advance for your help.",Software
TRN-001244,"To whom it may concern, I need to reset my password but the reset link never arrives. Any help would be appreciated.",Account
TRN-001245,"Dear helpdesk, I get a network unreachable error when opening internal tools. Any help would be appreciated.",Network
TRN-001246,"Hello, An error dialog appears every time I open the accounting tool. I will be out of office tomorrow afternoon. Please help as soon as possible.",Software
TRN-001247,"Hello, I noticed unfamiliar software running in the background of my computer. Thanks in advance for your help.",Security
TRN-001248,"To whom it may concern, The monitor keeps flickering and sometimes turns off completely. This is affecting my work today.",Hardware
TRN-001249,"To whom it may concern, Could you confirm the parking policy for visitors next month. Thanks in advance for your help.",Other
TRN-001250,"Hello, I have a general question about the new office badge policy. Please help as soon as possible.",Other
TRN-001251,"Hi, I cannot connect to the VPN from home today. Please help as soon as possible.",Network
TRN-001252,"Good morning, I get a network unreachable error when opening internal tools. Thanks in advance for your help.",Network
TRN-001253,"Hello, Video calls keep freezing because of a poor connection. Any help would be appreciated.",Network
TRN-001254,"Hi support team, My keyboard has several keys that stopped responding. Thanks in advance for your help.",Hardware
TRN-001255,"Hi support team, A recent patch removed a feature our whole team depends on. I would like this resolved soon.",Software
TRN-001256,"To whom it may concern, My laptop battery drains fully within thirty minutes. This is the second time I am reporting a similar issue this quarter. Thanks in advance for your help.",Hardware
TRN-001257,"To whom it may concern, The webcam on my laptop is not detected by any application. This is affecting my work today.",Hardware
TRN-001258,"Hi support team, Is there an update on the office relocation timeline. Thanks in advance for your help.",Other
TRN-001259,"Hi support team, My laptop screen stays black even after a full restart. Let me know what you need from me.",Hardware
TRN-001260,"To whom it may concern, The laptop fan is extremely loud and the case feels hot. This is affecting my work today.",Hardware
TRN-001261,"Good morning, I have a question about expense reimbursement for a work trip. Please help as soon as possible.",Other
TRN-001262,"Hi, Our office router seems to restart on its own several times a day. Any help would be appreciated.",Network
TRN-001263,"To whom it may concern, The office wifi keeps disconnecting every few minutes. Thanks in advance for your help.",Network
TRN-001264,"Hi support team, The password reset email for my account never shows up in my inbox. Any help would be appreciated.",Account
TRN-001265,"Hello, I got a message claiming my account will be closed unless I verify it immediately. I would like this resolved soon.",Security
TRN-001266,"To whom it may concern, I got a message claiming my account will be closed unless I verify it immediately. I would like this resolved soon.",Security
TRN-001267,"To whom it may concern, My laptop battery drains fully within thirty minutes. Let me know what you need from me.",Hardware
TRN-001268,"Good morning, The monitor keeps flickering and sometimes turns off completely. I would like this resolved soon.",Hardware
TRN-001269,"To whom it may concern, The webcam on my laptop is not detected by any application. Our team is currently in the middle of a big deadline. Thanks in advance for your help.",Hardware
TRN-001270,"Hi, My account was merged with another user and now settings are wrong. Let me know what you need from me.",Account
TRN-001271,"Good morning, My account got locked after too many failed login attempts. Let me know what you need from me.",Account
TRN-001272,"To whom it may concern, I cannot connect to the VPN from home today. This is the second time I am reporting a similar issue this quarter. Thanks in advance for your help.",Network
TRN-001273,"Hi support team, The coffee machine on our floor is out of order again. I appreciate the team's help with previous tickets. This is affecting my work today.",Other
TRN-001274,"Hi support team, I have a question about expense reimbursement for a work trip. I would like this resolved soon.",Other
TRN-001275,"Hi support team, My laptop shows connected to wifi but no pages will load. Let me know what you need from me.",Network
TRN-001276,"Dear helpdesk, I want to suggest an improvement for the internal ticketing process. Thanks in advance for your help.",Other
TRN-001277,"Dear helpdesk, The remote desktop connection drops every time I try to log in. I would like this resolved soon.",Network
TRN-001278,"Dear helpdesk, The office wifi keeps disconnecting every few minutes. Our team is currently in the middle of a big deadline. Thanks in advance for your help.",Network
TRN-001279,"Good morning, My account was merged with another user and now settings are wrong. Any help would be appreciated.",Account
TRN-001280,"To whom it may concern, Everything online feels disconnected today, on and off all morning. Thanks in advance for your help.",Network
TRN-001281,"Good morning, This is more of a general office matter than a computer problem. I would like this resolved soon.",Other
TRN-001282,"Hello, I have a request that does not really fit any technical category. By the way, thank you for the fast response last time. Any help would be appreciated.",Other
TRN-001283,"To whom it may concern, Our office router seems to restart on its own several times a day. Let me know what you need from me.",Network
TRN-001284,"Hello, The calendar sync stopped working after I updated the client. I would like this resolved soon.",Software
TRN-001285,"Good morning, The webcam on my laptop is not detected by any application. Any help would be appreciated.",Hardware
TRN-001286,"Hi, The internal dashboard shows a blank page after the server update. Any help would be appreciated.",Software
TRN-001287,"To whom it may concern, The webcam on my laptop is not detected by any application. This is the second time I am reporting a similar issue this quarter. I would like this resolved soon.",Hardware
TRN-001288,"To whom it may concern, The antivirus alert keeps flagging a file I did not download. I would like this resolved soon.",Security
TRN-001289,"Hi support team, My laptop shows connected to wifi but no pages will load. Thanks in advance for your help.",Network
TRN-001290,"To whom it may concern, The ethernet port in the meeting room does not seem to work. Any help would be appreciated.",Network
TRN-001291,"Dear helpdesk, The calendar sync stopped working after I updated the client. Let me know what you need from me.",Software
TRN-001292,"Good morning, My account shows a login attempt from a location I do not recognize. This is affecting my work today.",Security
TRN-001293,"Good morning, I get a network unreachable error when opening internal tools. Please help as soon as possible.",Network
TRN-001294,"Dear helpdesk, I would like feedback on the recent helpdesk satisfaction survey. This has happened once before a few months ago. I would like this resolved soon.",Other
TRN-001295,"Hello, Can someone update the meeting room booking calendar for next week. Thanks in advance for your help.",Other
TRN-001296,"Hi, My license for the design software appears to have expired. Thanks in advance for your help.",Software
TRN-001297,"To whom it may concern, I received a suspicious email asking me to confirm my password. Please help as soon as possible.",Security
TRN-001298,"To whom it may concern, My laptop shows connected to wifi but no pages will load. Thanks in advance for your help.",Network
TRN-001299,"Good morning, I cannot open any document since the last software update. Thanks in advance for your help.",Software
TRN-001300,"Hi support team, My laptop battery drains fully within thirty minutes. I would like this resolved soon.",Hardware
TRN-001301,"Dear helpdesk, I need to reset my password but the reset link never arrives. Please help as soon as possible.",Account
TRN-001302,"Good morning, Two-factor authentication is not sending a code to my registered device. Let me know what you need from me.",Account
TRN-001303,"To whom it may concern, The mobile app keeps freezing on the login screen. I would like this resolved soon.",Software
TRN-001304,"Dear helpdesk, The calendar sync stopped working after I updated the client. Any help would be appreciated.",Software
TRN-001305,"Hello, Two-factor authentication is not sending a code to my registered device. I would like this resolved soon.",Account
TRN-001306,"Dear helpdesk, The coffee machine on our floor is out of order again. I would like this resolved soon.",Other
TRN-001307,"Dear helpdesk, Is there an update on the office relocation timeline. Any help would be appreciated.",Other
TRN-001308,"Hello, The antivirus alert keeps flagging a file I did not download. Let me know what you need from me.",Security
TRN-001309,"To whom it may concern, The coffee machine on our floor is out of order again. This has happened once before a few months ago. Please help as soon as possible.",Other
TRN-001310,"Hi support team, Our shared folder permissions changed without anyone approving it. Please help as soon as possible.",Security
TRN-001311,"Dear helpdesk, None of my saved credentials seem to work anymore this week. Let me know what you need from me.",Account
TRN-001312,"Good morning, The calendar sync stopped working after I updated the client. Thanks in advance for your help.",Software
TRN-001313,"Good morning, My account got locked after too many failed login attempts. Let me know what you need from me.",Account
TRN-001314,"Good morning, Our shared folder permissions changed without anyone approving it. Let me know what you need from me.",Security
TRN-001315,"To whom it may concern, My profile information is missing after the last account update. Let me know what you need from me.",Account
TRN-001316,"Good morning, The shared network drive is unreachable from my desktop. I would like this resolved soon.",Network
TRN-001317,"Hi, I would like feedback on the recent helpdesk satisfaction survey. I would like this resolved soon.",Other
TRN-001318,"Hi support team, I cannot open any document since the last software update. I would like this resolved soon.",Software
TRN-001319,"Good morning, My profile information is missing after the last account update. Let me know what you need from me.",Account
TRN-001320,"Hi support team, Can you tell me who to contact about a facilities request. Thanks in advance for your help.",Other
TRN-001321,"Dear helpdesk, I think my laptop might be infected after clicking a strange link. Any help would be appreciated.",Security
TRN-001322,"Hi, I forgot my username and need help recovering account access. Any help would be appreciated.",Account
TRN-001323,"Dear helpdesk, Is there an update on the office relocation timeline. I would like this resolved soon.",Other
TRN-001324,"To whom it may concern, My account was merged with another user and now settings are wrong. This is affecting my work today.",Account
TRN-001325,"Dear helpdesk, I accidentally shared my password with what looked like an internal form. Our team is currently in the middle of a big deadline. Please help as soon as possible.",Security
TRN-001326,"Good morning, A firmware update left my laptop stuck on the boot screen. Any help would be appreciated.",Hardware
TRN-001327,"Hi, The office printer on the second floor is jammed again. Please help as soon as possible.",Hardware
TRN-001328,"Hello, I noticed unfamiliar software running in the background of my computer. I would like this resolved soon.",Security
TRN-001329,"Good morning, The mobile app keeps freezing on the login screen. I will be out of office tomorrow afternoon. I would like this resolved soon.",Software
TRN-001330,"Dear helpdesk, My account was merged with another user and now settings are wrong. I appreciate the team's help with previous tickets. This is affecting my work today.",Account
TRN-001331,"To whom it may concern, The office wifi keeps disconnecting every few minutes. Any help would be appreciated.",Network
TRN-001332,"Hi, Can you tell me who to contact about a facilities request. This is the second time I am reporting a similar issue this quarter. Please help as soon as possible.",Other
TRN-001333,"Hello, None of my saved credentials seem to work anymore this week. I would like this resolved soon.",Account
TRN-001334,"Dear helpdesk, My account was merged with another user and now settings are wrong. Thanks in advance for your help.",Account
TRN-001335,"To whom it may concern, I accidentally shared my password with what looked like an internal form. This is affecting my work today.",Security
TRN-001336,"Hello, Our office router seems to restart on its own several times a day. Thanks in advance for your help.",Network
TRN-001337,"To whom it may concern, A firmware update left my laptop stuck on the boot screen. Any help would be appreciated.",Hardware
TRN-001338,"Hello, A recent patch removed a feature our whole team depends on. Thanks in advance for your help.",Software
TRN-001339,"Good morning, I have a question about expense reimbursement for a work trip. Any help would be appreciated.",Other
TRN-001340,"Hello, I think my laptop might be infected after clicking a strange link. I will be out of office tomorrow afternoon. Let me know what you need from me.",Security
TRN-001341,"Hello, I accidentally shared my password with what looked like an internal form. I would like this resolved soon.",Security
TRN-001342,"Hi, I forgot my username and need help recovering account access. Thanks in advance for your help.",Account
TRN-001343,"Hello, I want to suggest an improvement for the internal ticketing process. This is affecting my work today.",Other
TRN-001344,"Good morning, Pages load, then stop loading, then load again without any pattern. I would like this resolved soon.",Network
TRN-001345,"Hello, I noticed unfamiliar software running in the background of my computer. Please help as soon as possible.",Security
TRN-001346,"Hi, I have a question about expense reimbursement for a work trip. Any help would be appreciated.",Other
TRN-001347,"Hi, My account was merged with another user and now settings are wrong. Please help as soon as possible.",Account
TRN-001348,"Dear helpdesk, The ethernet port in the meeting room does not seem to work. Please help as soon as possible.",Network
TRN-001349,"To whom it may concern, I received a suspicious email asking me to confirm my password. This is affecting my work today.",Security
TRN-001350,"Good morning, My mouse cursor freezes randomly during the day. I would like this resolved soon.",Hardware
TRN-001351,"Good morning, I cannot connect to the VPN from home today. Let me know what you need from me.",Network
TRN-001352,"Hello, I cannot log into my account even though I am sure the password is correct. Thanks in advance for your help.",Account
TRN-001353,"Good morning, Our office router seems to restart on its own several times a day. Please help as soon as possible.",Network
TRN-001354,"To whom it may concern, The physical machine on my desk is behaving strangely since yesterday. This is affecting my work today.",Hardware
TRN-001355,"Hi support team, Two-factor authentication is not sending a code to my registered device. I would like this resolved soon.",Account
TRN-001356,"Dear helpdesk, The latest update broke the spreadsheet macros I rely on. This is affecting my work today.",Software
TRN-001357,"Hello, Someone asked me over chat to send my login details for a system check. This is the second time I am reporting a similar issue this quarter. Thanks in advance for your help.",Security
TRN-001358,"Hi support team, The webcam on my laptop is not detected by any application. I appreciate the team's help with previous tickets. I would like this resolved soon.",Hardware
TRN-001359,"Hello, The ethernet port in the meeting room does not seem to work. Please help as soon as possible.",Network
TRN-001360,"Dear helpdesk, My profile information is missing after the last account update. Please help as soon as possible.",Account
TRN-001361,"Hello, Our office router seems to restart on its own several times a day. Any help would be appreciated.",Network
TRN-001362,"Hello, I get a network unreachable error when opening internal tools. Any help would be appreciated.",Network
TRN-001363,"To whom it may concern, My account was merged with another user and now settings are wrong. Let me know what you need from me.",Account
TRN-001364,"To whom it may concern, The system says my account is disabled and I do not know why. This has happened once before a few months ago. Please help as soon as possible.",Account
TRN-001365,"Dear helpdesk, My license for the design software appears to have expired. This is affecting my work today.",Software
TRN-001366,"Hi, Two-factor authentication is not sending a code to my registered device. I would like this resolved soon.",Account
TRN-001367,"Hi, The office wifi keeps disconnecting every few minutes. I will be out of office tomorrow afternoon. Any help would be appreciated.",Network
TRN-001368,"Hello, The coffee machine on our floor is out of order again. Let me know what you need from me.",Other
TRN-001369,"Hello, I was logged out of every application and cannot sign back in. I would like this resolved soon.",Account
TRN-001370,"To whom it may concern, The office printer on the second floor is jammed again. This is affecting my work today.",Hardware
TRN-001371,"Dear helpdesk, Can someone update the meeting room booking calendar for next week. I would like this resolved soon.",Other
TRN-001372,"Hi, The system says my account is disabled and I do not know why. Thanks in advance for your help.",Account
TRN-001373,"Hi support team, The installer fails halfway through with an unknown error code. This is affecting my work today.",Software
TRN-001374,"Hello, A firmware update left my laptop stuck on the boot screen. Please help as soon as possible.",Hardware
TRN-001375,"Hello, I need to reset my password but the reset link never arrives. This is the second time I am reporting a similar issue this quarter. Thanks in advance for your help.",Account
TRN-001376,"Good morning, A firmware update left my laptop stuck on the boot screen. Our team is currently in the middle of a big deadline. I would like this resolved soon.",Hardware
TRN-001377,"Good morning, Could you confirm the parking policy for visitors next month. Thanks in advance for your help.",Other
TRN-001378,"Hi support team, The reporting application crashes every time I try to export a file. Any help would be appreciated.",Software
TRN-001379,"Hi support team, The webcam on my laptop is not detected by any application. I would like this resolved soon.",Hardware
TRN-001380,"Hi support team, The remote desktop connection drops every time I try to log in. Please help as soon as possible.",Network
TRN-001381,"Dear helpdesk, The system says my account is disabled and I do not know why. Please help as soon as possible.",Account
TRN-001382,"Hello, I cannot log into my account even though I am sure the password is correct. Thanks in advance for your help.",Account
TRN-001383,"Dear helpdesk, Can someone update the meeting room booking calendar for next week. Any help would be appreciated.",Other
TRN-001384,"Hello, I cannot connect to the VPN from home today. Let me know what you need from me.",Network
TRN-001385,"Hi, Two-factor authentication is not sending a code to my registered device. Any help would be appreciated.",Account
TRN-001386,"Hi support team, The ethernet port in the meeting room does not seem to work. This is affecting my work today.",Network
TRN-001387,"Good morning, Can you tell me who to contact about a facilities request. Please help as soon as possible.",Other
TRN-001388,"To whom it may concern, My account was merged with another user and now settings are wrong. Any help would be appreciated.",Account
TRN-001389,"Hi, The office printer on the second floor is jammed again. I would like this resolved soon.",Hardware
TRN-001390,"Dear helpdesk, The webcam on my laptop is not detected by any application. By the way, thank you for the fast response last time. Thanks in advance for your help.",Hardware
TRN-001391,"Hi support team, None of my saved credentials seem to work anymore this week. Any help would be appreciated.",Account
TRN-001392,"Hi, A colleague reported that someone is impersonating our support team. Please help as soon as possible.",Security
TRN-001393,"Dear helpdesk, My account got locked after too many failed login attempts. Any help would be appreciated.",Account
TRN-001394,"Hello, My account shows a login attempt from a location I do not recognize. Our team is currently in the middle of a big deadline. Please help as soon as possible.",Security
TRN-001395,"Hi, Something about a recent message felt off and I want a second opinion. I would like this resolved soon.",Security
TRN-001396,"Dear helpdesk, An error dialog appears every time I open the accounting tool. Please help as soon as possible.",Software
TRN-001397,"To whom it may concern, My account was merged with another user and now settings are wrong. Please help as soon as possible.",Account
TRN-001398,"Hello, My account got locked after too many failed login attempts. Please help as soon as possible.",Account
TRN-001399,"Hi, The monitor keeps flickering and sometimes turns off completely. This is affecting my work today.",Hardware
TRN-001400,"Good morning, I accidentally shared my password with what looked like an internal form. I would like this resolved soon.",Security
TRN-001401,"Hello, Something is wrong with how I sign in and I keep getting rejected. Let me know what you need from me.",Account
TRN-001402,"Hi, I would like to request a new desk chair for the office. Please help as soon as possible.",Other
TRN-001403,"Hello, I got a message claiming my account will be closed unless I verify it immediately. Please help as soon as possible.",Security
TRN-001404,"Good morning, A recent patch removed a feature our whole team depends on. Thanks in advance for your help.",Software
TRN-001405,"Good morning, The office wifi keeps disconnecting every few minutes. This is the second time I am reporting a similar issue this quarter. I would like this resolved soon.",Network
TRN-001406,"To whom it may concern, My laptop screen stays black even after a full restart. I would like this resolved soon.",Hardware
TRN-001407,"Hi support team, Pages load, then stop loading, then load again without any pattern. I would like this resolved soon.",Network
TRN-001408,"Hi, Can someone update the meeting room booking calendar for next week. Please help as soon as possible.",Other
TRN-001409,"Hi, I have a general question about the new office badge policy. This is affecting my work today.",Other
TRN-001410,"Hi support team, Our office router seems to restart on its own several times a day. Thanks in advance for your help.",Network
TRN-001411,"Good morning, Our shared folder permissions changed without anyone approving it. This is affecting my work today.",Security
TRN-001412,"Good morning, I get a network unreachable error when opening internal tools. By the way, thank you for the fast response last time. Any help would be appreciated.",Network
TRN-001413,"Good morning, The laptop fan is extremely loud and the case feels hot. Thanks in advance for your help.",Hardware
TRN-001414,"Hello, My profile information is missing after the last account update. Any help would be appreciated.",Account
TRN-001415,"To whom it may concern, I forgot my username and need help recovering account access. This is affecting my work today.",Account
TRN-001416,"To whom it may concern, A firmware update left my laptop stuck on the boot screen. Any help would be appreciated.",Hardware
TRN-001417,"To whom it may concern, I forgot my username and need help recovering account access. This has happened once before a few months ago. Thanks in advance for your help.",Account
TRN-001418,"Good morning, My profile information is missing after the last account update. This is affecting my work today.",Account
TRN-001419,"Hi support team, My account got locked after too many failed login attempts. Thanks in advance for your help.",Account
TRN-001420,"To whom it may concern, The mobile app keeps freezing on the login screen. Thanks in advance for your help.",Software
TRN-001421,"Hello, My profile information is missing after the last account update. Let me know what you need from me.",Account
TRN-001422,"Good morning, I get a network unreachable error when opening internal tools. By the way, thank you for the fast response last time. Please help as soon as possible.",Network
TRN-001423,"Hello, The calendar sync stopped working after I updated the client. Please help as soon as possible.",Software
TRN-001424,"Hi, The reporting application crashes every time I try to export a file. Thanks in advance for your help.",Software
TRN-001425,"Good morning, I would like feedback on the recent helpdesk satisfaction survey. Thanks in advance for your help.",Other
TRN-001426,"Hi, The docking station is not charging my laptop anymore. This is the second time I am reporting a similar issue this quarter. Any help would be appreciated.",Hardware
TRN-001427,"Hi support team, The latest update broke the spreadsheet macros I rely on. I would like this resolved soon.",Software
TRN-001428,"Good morning, I accidentally shared my password with what looked like an internal form. Please help as soon as possible.",Security
TRN-001429,"Hi, The monitor keeps flickering and sometimes turns off completely. This has happened once before a few months ago. I would like this resolved soon.",Hardware
TRN-001430,"Dear helpdesk, The mobile app keeps freezing on the login screen. Any help would be appreciated.",Software
TRN-001431,"Dear helpdesk, An error dialog appears every time I open the accounting tool. Let me know what you need from me.",Software
TRN-001432,"Good morning, The password reset email for my account never shows up in my inbox. This is affecting my work today.",Account
TRN-001433,"Hi, The calendar sync stopped working after I updated the client. Let me know what you need from me.",Software
TRN-001434,"Hi support team, Could you confirm the parking policy for visitors next month. I would like this resolved soon.",Other
TRN-001435,"Good morning, My laptop screen stays black even after a full restart. This is affecting my work today.",Hardware
TRN-001436,"Hi, Is there an update on the office relocation timeline. This is the second time I am reporting a similar issue this quarter. I would like this resolved soon.",Other
TRN-001437,"Hi support team, Internet speed on the third floor is extremely slow this morning. I would like this resolved soon.",Network
TRN-001438,"Hi support team, My account shows a login attempt from a location I do not recognize. Let me know what you need from me.",Security
TRN-001439,"Good morning, A colleague reported that someone is impersonating our support team. Our team is currently in the middle of a big deadline. Please help as soon as possible.",Security
TRN-001440,"To whom it may concern, The webcam on my laptop is not detected by any application. Any help would be appreciated.",Hardware
TRN-001441,"Hello, I forgot my username and need help recovering account access. This is affecting my work today.",Account
TRN-001442,"Hi support team, An error dialog appears every time I open the accounting tool. I would like this resolved soon.",Software
TRN-001443,"To whom it may concern, The webcam on my laptop is not detected by any application. Please help as soon as possible.",Hardware
TRN-001444,"Hello, Everything online feels disconnected today, on and off all morning. Thanks in advance for your help.",Network
TRN-001445,"Hello, The reporting application crashes every time I try to export a file. Thanks in advance for your help.",Software
TRN-001446,"Hi support team, I was logged out of every application and cannot sign back in. Please help as soon as possible.",Account
TRN-001447,"Hi support team, The antivirus alert keeps flagging a file I did not download. This has happened once before a few months ago. Please help as soon as possible.",Security
TRN-001448,"To whom it may concern, I noticed unfamiliar software running in the background of my computer. Please help as soon as possible.",Security
TRN-001449,"Hello, The program I use daily behaves unexpectedly since the newest release. I would like this resolved soon.",Software
TRN-001450,"Dear helpdesk, The internal dashboard shows a blank page after the server update. I would like this resolved soon.",Software
TRN-001451,"Hello, The monitor keeps flickering and sometimes turns off completely. This is affecting my work today.",Hardware
TRN-001452,"Hello, Our office router seems to restart on its own several times a day. I would like this resolved soon.",Network
TRN-001453,"Hello, I accidentally shared my password with what looked like an internal form. Let me know what you need from me.",Security
TRN-001454,"Hi, Can you tell me who to contact about a facilities request. This is affecting my work today.",Other
TRN-001455,"Hi, I think my laptop might be infected after clicking a strange link. I would like this resolved soon.",Security
TRN-001456,"Dear helpdesk, My license for the design software appears to have expired. This is affecting my work today.",Software
TRN-001457,"Dear helpdesk, I forgot my username and need help recovering account access. Please help as soon as possible.",Account
TRN-001458,"Good morning, I was logged out of every application and cannot sign back in. Any help would be appreciated.",Account
TRN-001459,"To whom it may concern, The coffee machine on our floor is out of order again. Let me know what you need from me.",Other
TRN-001460,"To whom it may concern, A firmware update left my laptop stuck on the boot screen. I would like this resolved soon.",Hardware
TRN-001461,"Hi, I cannot connect to the VPN from home today. Let me know what you need from me.",Network
TRN-001462,"Dear helpdesk, The ethernet port in the meeting room does not seem to work. Any help would be appreciated.",Network
TRN-001463,"To whom it may concern, My laptop battery drains fully within thirty minutes. This is affecting my work today.",Hardware
TRN-001464,"Hi support team, The antivirus alert keeps flagging a file I did not download. This is the second time I am reporting a similar issue this quarter. This is affecting my work today.",Security
TRN-001465,"Hello, I cannot connect to the VPN from home today. This is affecting my work today.",Network
TRN-001466,"Hello, The antivirus alert keeps flagging a file I did not download. Any help would be appreciated.",Security
TRN-001467,"Good morning, My laptop shows connected to wifi but no pages will load. Thanks in advance for your help.",Network
TRN-001468,"Hello, Something about a recent message felt off and I want a second opinion. Let me know what you need from me.",Security
TRN-001469,"Good morning, I cannot connect to the VPN from home today. By the way, thank you for the fast response last time. Thanks in advance for your help.",Network
TRN-001470,"Dear helpdesk, I received a suspicious email asking me to confirm my password. This has happened once before a few months ago. Thanks in advance for your help.",Security
TRN-001471,"Hello, The installer fails halfway through with an unknown error code. Let me know what you need from me.",Software
TRN-001472,"To whom it may concern, Our office router seems to restart on its own several times a day. I would like this resolved soon.",Network
TRN-001473,"Hello, I get a network unreachable error when opening internal tools. Any help would be appreciated.",Network
TRN-001474,"Hi support team, My account got locked after too many failed login attempts. This is affecting my work today.",Account
TRN-001475,"Hi, My account was merged with another user and now settings are wrong. Please help as soon as possible.",Account
TRN-001476,"Hi support team, A colleague reported that someone is impersonating our support team. Please help as soon as possible.",Security
TRN-001477,"Dear helpdesk, The reporting application crashes every time I try to export a file. This is affecting my work today.",Software
TRN-001478,"Hi support team, I accidentally shared my password with what looked like an internal form. Please help as soon as possible.",Security
TRN-001479,"Hi support team, I get a network unreachable error when opening internal tools. Thanks in advance for your help.",Network
TRN-001480,"Hi, My laptop battery drains fully within thirty minutes. Thanks in advance for your help.",Hardware
TRN-001481,"To whom it may concern, My profile information is missing after the last account update. This is affecting my work today.",Account
TRN-001482,"Good morning, My license for the design software appears to have expired. Any help would be appreciated.",Software
TRN-001483,"Good morning, The system says my account is disabled and I do not know why. I would like this resolved soon.",Account
TRN-001484,"Dear helpdesk, I have a question about expense reimbursement for a work trip. By the way, thank you for the fast response last time. Let me know what you need from me.",Other
TRN-001485,"Hi, The program I use daily behaves unexpectedly since the newest release. I would like this resolved soon.",Software
TRN-001486,"Hi support team, The ethernet port in the meeting room does not seem to work. This has happened once before a few months ago. Please help as soon as possible.",Network
TRN-001487,"Hello, I forgot my username and need help recovering account access. This is affecting my work today.",Account
TRN-001488,"Hi, The docking station is not charging my laptop anymore. I would like this resolved soon.",Hardware
TRN-001489,"Good morning, I think my laptop might be infected after clicking a strange link. Let me know what you need from me.",Security
TRN-001490,"Hello, Video calls keep freezing because of a poor connection. Let me know what you need from me.",Network
TRN-001491,"Hi support team, I need to reset my password but the reset link never arrives. I would like this resolved soon.",Account
TRN-001492,"Hi, Someone asked me over chat to send my login details for a system check. I would like this resolved soon.",Security
TRN-001493,"Hi support team, The calendar sync stopped working after I updated the client. Please help as soon as possible.",Software
TRN-001494,"Hi, The remote desktop connection drops every time I try to log in. Let me know what you need from me.",Network
TRN-001495,"Hello, The antivirus alert keeps flagging a file I did not download. Please help as soon as possible.",Security
TRN-001496,"Good morning, Something is wrong with how I sign in and I keep getting rejected. Let me know what you need from me.",Account
TRN-001497,"Good morning, Something on my desk setup just stopped turning on properly. Any help would be appreciated.",Hardware
TRN-001498,"Hello, My laptop screen stays black even after a full restart. This is the second time I am reporting a similar issue this quarter. Thanks in advance for your help.",Hardware
TRN-001499,"Hi, The office printer on the second floor is jammed again. Thanks in advance for your help.",Hardware
TRN-001500,"Dear helpdesk, The latest update broke the spreadsheet macros I rely on. Thanks in advance for your help.",Software
TRN-001501,"To whom it may concern, My account was merged with another user and now settings are wrong. I would like this resolved soon.",Account
TRN-001502,"Hi, A firmware update left my laptop stuck on the boot screen. I would like this resolved soon.",Hardware
TRN-001503,"To whom it may concern, I have a general question about the new office badge policy. Let me know what you need from me.",Other
TRN-001504,"Hi support team, I accidentally shared my password with what looked like an internal form. This is affecting my work today.",Security
TRN-001505,"To whom it may concern, The coffee machine on our floor is out of order again. Thanks in advance for your help.",Other
TRN-001506,"To whom it may concern, Internet speed on the third floor is extremely slow this morning. I would like this resolved soon.",Network
TRN-001507,"Dear helpdesk, I cannot log into my account even though I am sure the password is correct. Let me know what you need from me.",Account
TRN-001508,"Hello, The system says my account is disabled and I do not know why. I appreciate the team's help with previous tickets. Any help would be appreciated.",Account
TRN-001509,"Hello, My mouse cursor freezes randomly during the day. I would like this resolved soon.",Hardware
TRN-001510,"Dear helpdesk, Two-factor authentication is not sending a code to my registered device. Please help as soon as possible.",Account
TRN-001511,"Hi support team, I want to suggest an improvement for the internal ticketing process. Let me know what you need from me.",Other
TRN-001512,"Dear helpdesk, My license for the design software appears to have expired. By the way, thank you for the fast response last time. Thanks in advance for your help.",Software
TRN-001513,"Hi support team, My account was merged with another user and now settings are wrong. Any help would be appreciated.",Account
TRN-001514,"Dear helpdesk, My laptop battery drains fully within thirty minutes. By the way, thank you for the fast response last time. This is affecting my work today.",Hardware
TRN-001515,"Hi support team, The latest update broke the spreadsheet macros I rely on. I would like this resolved soon.",Software
TRN-001516,"Hi, I would like to request a new desk chair for the office. Thanks in advance for your help.",Other
TRN-001517,"Good morning, I cannot connect to the VPN from home today. Let me know what you need from me.",Network
TRN-001518,"To whom it may concern, Could you confirm the parking policy for visitors next month. I appreciate the team's help with previous tickets. Any help would be appreciated.",Other
TRN-001519,"Hi support team, Could you confirm the parking policy for visitors next month. Thanks in advance for your help.",Other
TRN-001520,"Hi, I think my laptop might be infected after clicking a strange link. Thanks in advance for your help.",Security
TRN-001521,"Hi, The laptop fan is extremely loud and the case feels hot. Any help would be appreciated.",Hardware
TRN-001522,"Dear helpdesk, I forgot my username and need help recovering account access. Please help as soon as possible.",Account
TRN-001523,"Hi, Can someone update the meeting room booking calendar for next week. This is affecting my work today.",Other
TRN-001524,"Hi, The calendar sync stopped working after I updated the client. Any help would be appreciated.",Software
TRN-001525,"Hi, Pages load, then stop loading, then load again without any pattern. This is the second time I am reporting a similar issue this quarter. Let me know what you need from me.",Network
TRN-001526,"Hi support team, Someone asked me over chat to send my login details for a system check. This is affecting my work today.",Security
TRN-001527,"Good morning, Can someone update the meeting room booking calendar for next week. This is affecting my work today.",Other
TRN-001528,"Hello, Could you confirm the parking policy for visitors next month. This has happened once before a few months ago. I would like this resolved soon.",Other
TRN-001529,"Good morning, A colleague reported that someone is impersonating our support team. This is affecting my work today.",Security
TRN-001530,"Good morning, The webcam on my laptop is not detected by any application. I would like this resolved soon.",Hardware
TRN-001531,"Hi, A tool I rely on stopped doing what it used to do correctly. Any help would be appreciated.",Software
TRN-001532,"Hello, I have a question about expense reimbursement for a work trip. Let me know what you need from me.",Other
TRN-001533,"Hello, Two-factor authentication is not sending a code to my registered device. Let me know what you need from me.",Account
TRN-001534,"To whom it may concern, The office printer on the second floor is jammed again. I would like this resolved soon.",Hardware
TRN-001535,"Good morning, My account got locked after too many failed login attempts. This is affecting my work today.",Account
TRN-001536,"To whom it may concern, The webcam on my laptop is not detected by any application. I would like this resolved soon.",Hardware
TRN-001537,"Hello, The coffee machine on our floor is out of order again. This is affecting my work today.",Other
TRN-001538,"Hello, The office wifi keeps disconnecting every few minutes. Thanks in advance for your help.",Network
TRN-001539,"To whom it may concern, My keyboard has several keys that stopped responding. Any help would be appreciated.",Hardware
TRN-001540,"Dear helpdesk, I got a message claiming my account will be closed unless I verify it immediately. Please help as soon as possible.",Security
TRN-001541,"To whom it may concern, A firmware update left my laptop stuck on the boot screen. Please help as soon as possible.",Hardware
TRN-001542,"Hi, The installer fails halfway through with an unknown error code. Let me know what you need from me.",Software
TRN-001543,"To whom it may concern, The shared network drive is unreachable from my desktop. Thanks in advance for your help.",Network
TRN-001544,"Dear helpdesk, I cannot log into my account even though I am sure the password is correct. Any help would be appreciated.",Account
TRN-001545,"Hi support team, Someone asked me over chat to send my login details for a system check. This is affecting my work today.",Security
TRN-001546,"Hi, I forgot my username and need help recovering account access. I would like this resolved soon.",Account
TRN-001547,"Hello, Our shared folder permissions changed without anyone approving it. Thanks in advance for your help.",Security
TRN-001548,"Good morning, I cannot connect to the VPN from home today. I would like this resolved soon.",Network
TRN-001549,"Hello, Two-factor authentication is not sending a code to my registered device. Let me know what you need from me.",Account
TRN-001550,"Hello, The reporting application crashes every time I try to export a file. This is affecting my work today.",Software
TRN-001551,"Dear helpdesk, The program I use daily behaves unexpectedly since the newest release. Any help would be appreciated.",Software
TRN-001552,"Dear helpdesk, I received a suspicious email asking me to confirm my password. Any help would be appreciated.",Security
TRN-001553,"Dear helpdesk, My laptop battery drains fully within thirty minutes. Thanks in advance for your help.",Hardware
TRN-001554,"Good morning, The monitor keeps flickering and sometimes turns off completely. Thanks in advance for your help.",Hardware
TRN-001555,"Hi, The office printer on the second floor is jammed again. Our team is currently in the middle of a big deadline. This is affecting my work today.",Hardware
TRN-001556,"Hi, I would like to request a new desk chair for the office. I would like this resolved soon.",Other
TRN-001557,"Good morning, A recent patch removed a feature our whole team depends on. Thanks in advance for your help.",Software
TRN-001558,"Good morning, A colleague reported that someone is impersonating our support team. Any help would be appreciated.",Security
TRN-001559,"Hi support team, The office printer on the second floor is jammed again. Any help would be appreciated.",Hardware
TRN-001560,"To whom it may concern, I get a network unreachable error when opening internal tools. I would like this resolved soon.",Network
TRN-001561,"Hello, The reporting application crashes every time I try to export a file. Let me know what you need from me.",Software
TRN-001562,"Good morning, I would like feedback on the recent helpdesk satisfaction survey. Any help would be appreciated.",Other
TRN-001563,"To whom it may concern, I cannot log into my account even though I am sure the password is correct. Please help as soon as possible.",Account
TRN-001564,"Dear helpdesk, The office printer on the second floor is jammed again. Any help would be appreciated.",Hardware
TRN-001565,"Hello, Can you tell me who to contact about a facilities request. This is affecting my work today.",Other
TRN-001566,"Hi, I would like feedback on the recent helpdesk satisfaction survey. Let me know what you need from me.",Other
TRN-001567,"Hi, I got a message claiming my account will be closed unless I verify it immediately. Let me know what you need from me.",Security
TRN-001568,"Dear helpdesk, The reporting application crashes every time I try to export a file. This is affecting my work today.",Software
TRN-001569,"Dear helpdesk, The latest update broke the spreadsheet macros I rely on. Any help would be appreciated.",Software
TRN-001570,"Good morning, My laptop screen stays black even after a full restart. This is the second time I am reporting a similar issue this quarter. Please help as soon as possible.",Hardware
TRN-001571,"Hi, The password reset email for my account never shows up in my inbox. I appreciate the team's help with previous tickets. This is affecting my work today.",Account
TRN-001572,"Hi support team, A colleague reported that someone is impersonating our support team. This is affecting my work today.",Security
TRN-001573,"Hi support team, The password reset email for my account never shows up in my inbox. Thanks in advance for your help.",Account
TRN-001574,"Hello, The docking station is not charging my laptop anymore. This is the second time I am reporting a similar issue this quarter. Thanks in advance for your help.",Hardware
TRN-001575,"Dear helpdesk, My profile information is missing after the last account update. I will be out of office tomorrow afternoon. Thanks in advance for your help.",Account
TRN-001576,"Dear helpdesk, I received a suspicious email asking me to confirm my password. Let me know what you need from me.",Security
TRN-001577,"Hello, The ethernet port in the meeting room does not seem to work. I would like this resolved soon.",Network
TRN-001578,"Hi support team, I cannot log into my account even though I am sure the password is correct. This is affecting my work today.",Account
TRN-001579,"Hi support team, The remote desktop connection drops every time I try to log in. I will be out of office tomorrow afternoon. Please help as soon as possible.",Network
TRN-001580,"Dear helpdesk, I cannot connect to the VPN from home today. Any help would be appreciated.",Network
TRN-001581,"To whom it may concern, Internet speed on the third floor is extremely slow this morning. I would like this resolved soon.",Network
TRN-001582,"To whom it may concern, I was logged out of every application and cannot sign back in. This is affecting my work today.",Account
TRN-001583,"Hi support team, The installer fails halfway through with an unknown error code. I would like this resolved soon.",Software
TRN-001584,"Hi support team, My license for the design software appears to have expired. This is affecting my work today.",Software
TRN-001585,"Hi, I need to reset my password but the reset link never arrives. Any help would be appreciated.",Account
TRN-001586,"Hi support team, The monitor keeps flickering and sometimes turns off completely. Our team is currently in the middle of a big deadline. I would like this resolved soon.",Hardware
TRN-001587,"Hello, The ethernet port in the meeting room does not seem to work. Thanks in advance for your help.",Network
TRN-001588,"To whom it may concern, I have a question about expense reimbursement for a work trip. This has happened once before a few months ago. Thanks in advance for your help.",Other
TRN-001589,"Dear helpdesk, My license for the design software appears to have expired. Please help as soon as possible.",Software
TRN-001590,"Good morning, The office printer on the second floor is jammed again. Let me know what you need from me.",Hardware
TRN-001591,"Hello, I would like feedback on the recent helpdesk satisfaction survey. This is affecting my work today.",Other
TRN-001592,"Hello, A recent patch removed a feature our whole team depends on. I would like this resolved soon.",Software
TRN-001593,"Hi, I have a general question about the new office badge policy. Let me know what you need from me.",Other
TRN-001594,"Good morning, The mobile app keeps freezing on the login screen. I would like this resolved soon.",Software
TRN-001595,"Hello, I need to reset my password but the reset link never arrives. Please help as soon as possible.",Account
TRN-001596,"Hi, The office printer on the second floor is jammed again. Let me know what you need from me.",Hardware
TRN-001597,"To whom it may concern, My account was merged with another user and now settings are wrong. This is affecting my work today.",Account
TRN-001598,"To whom it may concern, My profile information is missing after the last account update. Please help as soon as possible.",Account
TRN-001599,"To whom it may concern, The webcam on my laptop is not detected by any application. Let me know what you need from me.",Hardware
TRN-001600,"Dear helpdesk, The mobile app keeps freezing on the login screen. This is affecting my work today.",Software
TRN-001601,"Hi support team, Two-factor authentication is not sending a code to my registered device. Let me know what you need from me.",Account
TRN-001602,"Hi support team, Can you tell me who to contact about a facilities request. By the way, thank you for the fast response last time. Thanks in advance for your help.",Other
TRN-001603,"Hi support team, The shared network drive is unreachable from my desktop. Let me know what you need from me.",Network
TRN-001604,"To whom it may concern, Two-factor authentication is not sending a code to my registered device. This is affecting my work today.",Account
TRN-001605,"Good morning, The shared network drive is unreachable from my desktop. Please help as soon as possible.",Network
TRN-001606,"Hi support team, Internet speed on the third floor is extremely slow this morning. Any help would be appreciated.",Network
TRN-001607,"Dear helpdesk, The password reset email for my account never shows up in my inbox. Thanks in advance for your help.",Account
TRN-001608,"Hello, The physical machine on my desk is behaving strangely since yesterday. By the way, thank you for the fast response last time. Any help would be appreciated.",Hardware
TRN-001609,"Hi support team, The system says my account is disabled and I do not know why. Please help as soon as possible.",Account
TRN-001610,"Good morning, The installer fails halfway through with an unknown error code. Any help would be appreciated.",Software
TRN-001611,"To whom it may concern, I was logged out of every application and cannot sign back in. Let me know what you need from me.",Account
TRN-001612,"Good morning, A firmware update left my laptop stuck on the boot screen. I will be out of office tomorrow afternoon. I would like this resolved soon.",Hardware
TRN-001613,"Dear helpdesk, Something is wrong with how I sign in and I keep getting rejected. Thanks in advance for your help.",Account
TRN-001614,"To whom it may concern, Can someone update the meeting room booking calendar for next week. This is the second time I am reporting a similar issue this quarter. Any help would be appreciated.",Other
TRN-001615,"Hi support team, I want to suggest an improvement for the internal ticketing process. I appreciate the team's help with previous tickets. Thanks in advance for your help.",Other
TRN-001616,"Hello, The antivirus alert keeps flagging a file I did not download. Please help as soon as possible.",Security
TRN-001617,"To whom it may concern, The antivirus alert keeps flagging a file I did not download. I will be out of office tomorrow afternoon. Please help as soon as possible.",Security
TRN-001618,"To whom it may concern, The monitor keeps flickering and sometimes turns off completely. I would like this resolved soon.",Hardware
TRN-001619,"Dear helpdesk, Can someone update the meeting room booking calendar for next week. Any help would be appreciated.",Other
TRN-001620,"Dear helpdesk, I have a general question about the new office badge policy. Thanks in advance for your help.",Other
TRN-001621,"Good morning, Video calls keep freezing because of a poor connection. Any help would be appreciated.",Network
TRN-001622,"Hello, The installer fails halfway through with an unknown error code. I would like this resolved soon.",Software
TRN-001623,"Hi support team, I cannot log into my account even though I am sure the password is correct. Any help would be appreciated.",Account
TRN-001624,"Hello, The internal dashboard shows a blank page after the server update. Please help as soon as possible.",Software
TRN-001625,"Good morning, I cannot log into my account even though I am sure the password is correct. This is affecting my work today.",Account
TRN-001626,"Hi, The shared network drive is unreachable from my desktop. I would like this resolved soon.",Network
TRN-001627,"Hi, Internet speed on the third floor is extremely slow this morning. Please help as soon as possible.",Network
TRN-001628,"Hi support team, I have a request that does not really fit any technical category. Any help would be appreciated.",Other
TRN-001629,"To whom it may concern, The password reset email for my account never shows up in my inbox. By the way, thank you for the fast response last time. This is affecting my work today.",Account
TRN-001630,"Good morning, My laptop battery drains fully within thirty minutes. Any help would be appreciated.",Hardware
TRN-001631,"Dear helpdesk, The latest update broke the spreadsheet macros I rely on. Please help as soon as possible.",Software
TRN-001632,"Good morning, The reporting application crashes every time I try to export a file. Any help would be appreciated.",Software
TRN-001633,"Hi, I was logged out of every application and cannot sign back in. Let me know what you need from me.",Account
TRN-001634,"Hi support team, My account got locked after too many failed login attempts. Thanks in advance for your help.",Account
TRN-001635,"Dear helpdesk, I need to reset my password but the reset link never arrives. I would like this resolved soon.",Account
TRN-001636,"Good morning, The ethernet port in the meeting room does not seem to work. Please help as soon as possible.",Network
TRN-001637,"Hi support team, An error dialog appears every time I open the accounting tool. Please help as soon as possible.",Software
TRN-001638,"Dear helpdesk, Could you confirm the parking policy for visitors next month. I appreciate the team's help with previous tickets. Any help would be appreciated.",Other
TRN-001639,"Hi, Our shared folder permissions changed without anyone approving it. Thanks in advance for your help.",Security
TRN-001640,"Good morning, Can you tell me who to contact about a facilities request. Any help would be appreciated.",Other
TRN-001641,"Good morning, The remote desktop connection drops every time I try to log in. This has happened once before a few months ago. I would like this resolved soon.",Network
TRN-001642,"Dear helpdesk, I cannot connect to the VPN from home today. I will be out of office tomorrow afternoon. Any help would be appreciated.",Network
TRN-001643,"Hi support team, I cannot connect to the VPN from home today. Thanks in advance for your help.",Network
TRN-001644,"Good morning, I forgot my username and need help recovering account access. This is the second time I am reporting a similar issue this quarter. I would like this resolved soon.",Account
TRN-001645,"Good morning, I have a question about expense reimbursement for a work trip. This is affecting my work today.",Other
TRN-001646,"Good morning, The monitor keeps flickering and sometimes turns off completely. Let me know what you need from me.",Hardware
TRN-001647,"Dear helpdesk, I was logged out of every application and cannot sign back in. I would like this resolved soon.",Account
TRN-001648,"Hi support team, I want to suggest an improvement for the internal ticketing process. Thanks in advance for your help.",Other
TRN-001649,"Dear helpdesk, I was logged out of every application and cannot sign back in. This is affecting my work today.",Account
TRN-001650,"Good morning, The remote desktop connection drops every time I try to log in. Any help would be appreciated.",Network
TRN-001651,"Hi, I would like feedback on the recent helpdesk satisfaction survey. Let me know what you need from me.",Other
TRN-001652,"Dear helpdesk, I forgot my username and need help recovering account access. Let me know what you need from me.",Account
TRN-001653,"Hello, The mobile app keeps freezing on the login screen. This has happened once before a few months ago. Any help would be appreciated.",Software
TRN-001654,"Good morning, I was logged out of every application and cannot sign back in. I would like this resolved soon.",Account
TRN-001655,"Hello, My license for the design software appears to have expired. Let me know what you need from me.",Software
TRN-001656,"To whom it may concern, I forgot my username and need help recovering account access. I would like this resolved soon.",Account
TRN-001657,"Hello, I get a network unreachable error when opening internal tools. Thanks in advance for your help.",Network
TRN-001658,"Hi, The monitor keeps flickering and sometimes turns off completely. This is affecting my work today.",Hardware
TRN-001659,"To whom it may concern, I noticed unfamiliar software running in the background of my computer. Let me know what you need from me.",Security
TRN-001660,"Dear helpdesk, I would like feedback on the recent helpdesk satisfaction survey. This is the second time I am reporting a similar issue this quarter. Please help as soon as possible.",Other
TRN-001661,"Hi, Someone asked me over chat to send my login details for a system check. Any help would be appreciated.",Security
TRN-001662,"Hi, Video calls keep freezing because of a poor connection. Any help would be appreciated.",Network
TRN-001663,"To whom it may concern, Could you confirm the parking policy for visitors next month. I would like this resolved soon.",Other
TRN-001664,"Hi, A recent patch removed a feature our whole team depends on. I would like this resolved soon.",Software
TRN-001665,"Good morning, Can you tell me who to contact about a facilities request. Our team is currently in the middle of a big deadline. I would like this resolved soon.",Other
TRN-001666,"Hi support team, Pages load, then stop loading, then load again without any pattern. I would like this resolved soon.",Network
TRN-001667,"Hi support team, Video calls keep freezing because of a poor connection. I would like this resolved soon.",Network
TRN-001668,"Hello, The password reset email for my account never shows up in my inbox. This is affecting my work today.",Account
TRN-001669,"To whom it may concern, My keyboard has several keys that stopped responding. Let me know what you need from me.",Hardware
TRN-001670,"Hello, My laptop shows connected to wifi but no pages will load. Let me know what you need from me.",Network
TRN-001671,"Dear helpdesk, My account was merged with another user and now settings are wrong. I would like this resolved soon.",Account
TRN-001672,"Hello, I would like feedback on the recent helpdesk satisfaction survey. Thanks in advance for your help.",Other
TRN-001673,"Hi, I would like to request a new desk chair for the office. This is affecting my work today.",Other
TRN-001674,"Hi, I got a message claiming my account will be closed unless I verify it immediately. Any help would be appreciated.",Security
TRN-001675,"Dear helpdesk, The docking station is not charging my laptop anymore. Please help as soon as possible.",Hardware
TRN-001676,"Good morning, The coffee machine on our floor is out of order again. Let me know what you need from me.",Other
TRN-001677,"To whom it may concern, Something is wrong with how I sign in and I keep getting rejected. Thanks in advance for your help.",Account
TRN-001678,"Hi support team, I get a network unreachable error when opening internal tools. Let me know what you need from me.",Network
TRN-001679,"Hi support team, I get a network unreachable error when opening internal tools. Please help as soon as possible.",Network
TRN-001680,"To whom it may concern, I need to reset my password but the reset link never arrives. This is affecting my work today.",Account
TRN-001681,"Hi, I forgot my username and need help recovering account access. Let me know what you need from me.",Account
TRN-001682,"Good morning, Internet speed on the third floor is extremely slow this morning. Thanks in advance for your help.",Network
TRN-001683,"Good morning, My account got locked after too many failed login attempts. Please help as soon as possible.",Account
TRN-001684,"Good morning, The webcam on my laptop is not detected by any application. Let me know what you need from me.",Hardware
TRN-001685,"Dear helpdesk, An error dialog appears every time I open the accounting tool. I will be out of office tomorrow afternoon. I would like this resolved soon.",Software
TRN-001686,"To whom it may concern, I cannot connect to the VPN from home today. I appreciate the team's help with previous tickets. Thanks in advance for your help.",Network
TRN-001687,"Hi support team, My laptop screen stays black even after a full restart. By the way, thank you for the fast response last time. I would like this resolved soon.",Hardware
TRN-001688,"Hi, Can someone update the meeting room booking calendar for next week. Let me know what you need from me.",Other
TRN-001689,"Hi support team, My laptop shows connected to wifi but no pages will load. I would like this resolved soon.",Network
TRN-001690,"Hi support team, The internal dashboard shows a blank page after the server update. Let me know what you need from me.",Software
TRN-001691,"To whom it may concern, An error dialog appears every time I open the accounting tool. Thanks in advance for your help.",Software
TRN-001692,"Hi, The installer fails halfway through with an unknown error code. Any help would be appreciated.",Software
TRN-001693,"Good morning, My mouse cursor freezes randomly during the day. Any help would be appreciated.",Hardware
TRN-001694,"Dear helpdesk, My account was merged with another user and now settings are wrong. This has happened once before a few months ago. Thanks in advance for your help.",Account
TRN-001695,"Hi support team, I have a general question about the new office badge policy. This is the second time I am reporting a similar issue this quarter. Please help as soon as possible.",Other
TRN-001696,"To whom it may concern, My laptop shows connected to wifi but no pages will load. This is affecting my work today.",Network
TRN-001697,"Dear helpdesk, I need to reset my password but the reset link never arrives. I appreciate the team's help with previous tickets. I would like this resolved soon.",Account
TRN-001698,"Hello, I think my laptop might be infected after clicking a strange link. I would like this resolved soon.",Security
TRN-001699,"Hi, My laptop screen stays black even after a full restart. By the way, thank you for the fast response last time. I would like this resolved soon.",Hardware
TRN-001700,"Hello, A recent patch removed a feature our whole team depends on. Please help as soon as possible.",Software
TRN-001701,"Hello, I cannot log into my account even though I am sure the password is correct. Thanks in advance for your help.",Account
TRN-001702,"Hi support team, The password reset email for my account never shows up in my inbox. I would like this resolved soon.",Account
TRN-001703,"Hi, I was logged out of every application and cannot sign back in. Our team is currently in the middle of a big deadline. Thanks in advance for your help.",Account
TRN-001704,"Dear helpdesk, I noticed unfamiliar software running in the background of my computer. Please help as soon as possible.",Security
TRN-001705,"Hello, I got a message claiming my account will be closed unless I verify it immediately. Let me know what you need from me.",Security
TRN-001706,"Good morning, An error dialog appears every time I open the accounting tool. Let me know what you need from me.",Software
TRN-001707,"Good morning, Can someone update the meeting room booking calendar for next week. I would like this resolved soon.",Other
TRN-001708,"Hi support team, I was logged out of every application and cannot sign back in. Please help as soon as possible.",Account
TRN-001709,"Good morning, The antivirus alert keeps flagging a file I did not download. Let me know what you need from me.",Security
TRN-001710,"To whom it may concern, I cannot log into my account even though I am sure the password is correct. Any help would be appreciated.",Account
TRN-001711,"Hi, Something about a recent message felt off and I want a second opinion. I will be out of office tomorrow afternoon. I would like this resolved soon.",Security
TRN-001712,"Hi, The webcam on my laptop is not detected by any application. Thanks in advance for your help.",Hardware
TRN-001713,"To whom it may concern, My laptop battery drains fully within thirty minutes. Thanks in advance for your help.",Hardware
TRN-001714,"Hello, I noticed unfamiliar software running in the background of my computer. I appreciate the team's help with previous tickets. I would like this resolved soon.",Security
TRN-001715,"Hello, I cannot open any document since the last software update. Our team is currently in the middle of a big deadline. I would like this resolved soon.",Software
TRN-001716,"Good morning, I need to reset my password but the reset link never arrives. Thanks in advance for your help.",Account
TRN-001717,"Hi support team, I noticed unfamiliar software running in the background of my computer. Please help as soon as possible.",Security
TRN-001718,"Good morning, I forgot my username and need help recovering account access. I would like this resolved soon.",Account
TRN-001719,"Dear helpdesk, The internal dashboard shows a blank page after the server update. I would like this resolved soon.",Software
TRN-001720,"Hello, The office wifi keeps disconnecting every few minutes. Please help as soon as possible.",Network
TRN-001721,"Hi, Can someone update the meeting room booking calendar for next week. Let me know what you need from me.",Other
TRN-001722,"Good morning, The calendar sync stopped working after I updated the client. This is affecting my work today.",Software
TRN-001723,"Hello, A colleague reported that someone is impersonating our support team. This is affecting my work today.",Security
TRN-001724,"Dear helpdesk, The installer fails halfway through with an unknown error code. I appreciate the team's help with previous tickets. Please help as soon as possible.",Software
TRN-001725,"Good morning, I need to reset my password but the reset link never arrives. By the way, thank you for the fast response last time. Let me know what you need from me.",Account
TRN-001726,"Good morning, The shared network drive is unreachable from my desktop. This is affecting my work today.",Network
TRN-001727,"Good morning, The mobile app keeps freezing on the login screen. This is affecting my work today.",Software
TRN-001728,"To whom it may concern, The latest update broke the spreadsheet macros I rely on. This is the second time I am reporting a similar issue this quarter. This is affecting my work today.",Software
TRN-001729,"To whom it may concern, The laptop fan is extremely loud and the case feels hot. Let me know what you need from me.",Hardware
TRN-001730,"Hi support team, A colleague reported that someone is impersonating our support team. This is affecting my work today.",Security
TRN-001731,"Hi, I forgot my username and need help recovering account access. I would like this resolved soon.",Account
TRN-001732,"Hi, The webcam on my laptop is not detected by any application. Any help would be appreciated.",Hardware
TRN-001733,"Hello, My keyboard has several keys that stopped responding. This is affecting my work today.",Hardware
TRN-001734,"Hi, I have a question about expense reimbursement for a work trip. This is affecting my work today.",Other
TRN-001735,"Good morning, I would like to request a new desk chair for the office. By the way, thank you for the fast response last time. Any help would be appreciated.",Other
TRN-001736,"To whom it may concern, I get a network unreachable error when opening internal tools. This is the second time I am reporting a similar issue this quarter. Please help as soon as possible.",Network
TRN-001737,"Hi support team, I cannot connect to the VPN from home today. Please help as soon as possible.",Network
TRN-001738,"Hi support team, The office wifi keeps disconnecting every few minutes. This is the second time I am reporting a similar issue this quarter. Any help would be appreciated.",Network
TRN-001739,"Hello, The reporting application crashes every time I try to export a file. Thanks in advance for your help.",Software
TRN-001740,"Hi support team, The internal dashboard shows a blank page after the server update. By the way, thank you for the fast response last time. Any help would be appreciated.",Software
TRN-001741,"Hi, The coffee machine on our floor is out of order again. This is affecting my work today.",Other
TRN-001742,"Hi, I get a network unreachable error when opening internal tools. Please help as soon as possible.",Network
TRN-001743,"Good morning, The laptop fan is extremely loud and the case feels hot. This is the second time I am reporting a similar issue this quarter. Any help would be appreciated.",Hardware
TRN-001744,"Dear helpdesk, The internal dashboard shows a blank page after the server update. Let me know what you need from me.",Software
TRN-001745,"Good morning, Our office router seems to restart on its own several times a day. Any help would be appreciated.",Network
TRN-001746,"Hello, My laptop screen stays black even after a full restart. This is the second time I am reporting a similar issue this quarter. Let me know what you need from me.",Hardware
TRN-001747,"Dear helpdesk, I cannot log into my account even though I am sure the password is correct. Thanks in advance for your help.",Account
TRN-001748,"Hello, I noticed unfamiliar software running in the background of my computer. Any help would be appreciated.",Security
TRN-001749,"Hello, The mobile app keeps freezing on the login screen. This has happened once before a few months ago. Any help would be appreciated.",Software
TRN-001750,"Hi support team, The office printer on the second floor is jammed again. Let me know what you need from me.",Hardware
TRN-001751,"To whom it may concern, A firmware update left my laptop stuck on the boot screen. Thanks in advance for your help.",Hardware
TRN-001752,"Hello, I would like feedback on the recent helpdesk satisfaction survey. I would like this resolved soon.",Other
TRN-001753,"To whom it may concern, The latest update broke the spreadsheet macros I rely on. I would like this resolved soon.",Software
TRN-001754,"Hi, None of my saved credentials seem to work anymore this week. This is affecting my work today.",Account
TRN-001755,"Hi, My account shows a login attempt from a location I do not recognize. Please help as soon as possible.",Security
TRN-001756,"Hi, The remote desktop connection drops every time I try to log in. Thanks in advance for your help.",Network
TRN-001757,"Dear helpdesk, My license for the design software appears to have expired. This is affecting my work today.",Software
TRN-001758,"Dear helpdesk, Everything online feels disconnected today, on and off all morning. This is affecting my work today.",Network
TRN-001759,"Hi, I accidentally shared my password with what looked like an internal form. Let me know what you need from me.",Security
TRN-001760,"Good morning, My account was merged with another user and now settings are wrong. I would like this resolved soon.",Account
TRN-001761,"Good morning, I cannot connect to the VPN from home today. Please help as soon as possible.",Network
TRN-001762,"Dear helpdesk, A recent patch removed a feature our whole team depends on. Let me know what you need from me.",Software
TRN-001763,"Hi, Two-factor authentication is not sending a code to my registered device. Thanks in advance for your help.",Account
TRN-001764,"Dear helpdesk, My account got locked after too many failed login attempts. I would like this resolved soon.",Account
TRN-001765,"To whom it may concern, An error dialog appears every time I open the accounting tool. Let me know what you need from me.",Software
TRN-001766,"Dear helpdesk, My keyboard has several keys that stopped responding. Let me know what you need from me.",Hardware
TRN-001767,"Hi support team, The coffee machine on our floor is out of order again. This is affecting my work today.",Other
TRN-001768,"Dear helpdesk, None of my saved credentials seem to work anymore this week. Any help would be appreciated.",Account
TRN-001769,"Good morning, The latest update broke the spreadsheet macros I rely on. Any help would be appreciated.",Software
TRN-001770,"To whom it may concern, The reporting application crashes every time I try to export a file. Any help would be appreciated.",Software
TRN-001771,"Hi support team, My laptop battery drains fully within thirty minutes. This has happened once before a few months ago. Please help as soon as possible.",Hardware
TRN-001772,"Hello, I have a question about expense reimbursement for a work trip. This is affecting my work today.",Other
TRN-001773,"Good morning, I forgot my username and need help recovering account access. I would like this resolved soon.",Account
TRN-001774,"Good morning, I cannot log into my account even though I am sure the password is correct. This is the second time I am reporting a similar issue this quarter. Any help would be appreciated.",Account
TRN-001775,"Hi, The password reset email for my account never shows up in my inbox. This is the second time I am reporting a similar issue this quarter. I would like this resolved soon.",Account
TRN-001776,"Hi, My laptop screen stays black even after a full restart. This is affecting my work today.",Hardware
TRN-001777,"Dear helpdesk, The latest update broke the spreadsheet macros I rely on. I would like this resolved soon.",Software
TRN-001778,"To whom it may concern, I have a general question about the new office badge policy. Any help would be appreciated.",Other
TRN-001779,"Hi, Could you confirm the parking policy for visitors next month. This is affecting my work today.",Other
TRN-001780,"Hello, The calendar sync stopped working after I updated the client. This is affecting my work today.",Software
TRN-001781,"Good morning, The docking station is not charging my laptop anymore. Let me know what you need from me.",Hardware
TRN-001782,"To whom it may concern, Two-factor authentication is not sending a code to my registered device. This is the second time I am reporting a similar issue this quarter. Thanks in advance for your help.",Account
TRN-001783,"Hi, I received a suspicious email asking me to confirm my password. This has happened once before a few months ago. Thanks in advance for your help.",Security
TRN-001784,"Hi, An error dialog appears every time I open the accounting tool. I will be out of office tomorrow afternoon. Any help would be appreciated.",Software
TRN-001785,"Hello, Pages load, then stop loading, then load again without any pattern. Any help would be appreciated.",Network
TRN-001786,"To whom it may concern, The laptop fan is extremely loud and the case feels hot. Our team is currently in the middle of a big deadline. I would like this resolved soon.",Hardware
TRN-001787,"Hello, Internet speed on the third floor is extremely slow this morning. Please help as soon as possible.",Network
TRN-001788,"Hello, Our shared folder permissions changed without anyone approving it. Any help would be appreciated.",Security
TRN-001789,"Good morning, The mobile app keeps freezing on the login screen. I would like this resolved soon.",Software
TRN-001790,"Hello, I cannot open any document since the last software update. This has happened once before a few months ago. Any help would be appreciated.",Software
TRN-001791,"Dear helpdesk, The internal dashboard shows a blank page after the server update. Any help would be appreciated.",Software
TRN-001792,"Hello, The mobile app keeps freezing on the login screen. Any help would be appreciated.",Software
TRN-001793,"Hi support team, I would like to request a new desk chair for the office. Let me know what you need from me.",Other
TRN-001794,"Hi support team, I received a suspicious email asking me to confirm my password. Please help as soon as possible.",Security
TRN-001795,"Hello, I have a general question about the new office badge policy. Please help as soon as possible.",Other
TRN-001796,"Dear helpdesk, A tool I rely on stopped doing what it used to do correctly. Any help would be appreciated.",Software
TRN-001797,"Dear helpdesk, Someone asked me over chat to send my login details for a system check. Thanks in advance for your help.",Security
TRN-001798,"Hello, I think my laptop might be infected after clicking a strange link. I would like this resolved soon.",Security
TRN-001799,"Dear helpdesk, The password reset email for my account never shows up in my inbox. This is affecting my work today.",Account
TRN-001800,"Hello, The ethernet port in the meeting room does not seem to work. By the way, thank you for the fast response last time. This is affecting my work today.",Network
TRN-001801,"Good morning, The webcam on my laptop is not detected by any application. Thanks in advance for your help.",Hardware
TRN-001802,"Hi support team, My laptop battery drains fully within thirty minutes. This is affecting my work today.",Hardware
TRN-001803,"Hello, The calendar sync stopped working after I updated the client. Let me know what you need from me.",Software
TRN-001804,"Good morning, The laptop fan is extremely loud and the case feels hot. This is affecting my work today.",Hardware
TRN-001805,"To whom it may concern, I received a suspicious email asking me to confirm my password. Our team is currently in the middle of a big deadline. Thanks in advance for your help.",Security
TRN-001806,"Good morning, The system says my account is disabled and I do not know why. Our team is currently in the middle of a big deadline. Please help as soon as possible.",Account
TRN-001807,"Hi support team, My profile information is missing after the last account update. Please help as soon as possible.",Account
TRN-001808,"Hi, The latest update broke the spreadsheet macros I rely on. I would like this resolved soon.",Software
TRN-001809,"Hi support team, I want to suggest an improvement for the internal ticketing process. Let me know what you need from me.",Other
TRN-001810,"Dear helpdesk, Our shared folder permissions changed without anyone approving it. I would like this resolved soon.",Security
TRN-001811,"Dear helpdesk, Video calls keep freezing because of a poor connection. Thanks in advance for your help.",Network
TRN-001812,"Good morning, A recent patch removed a feature our whole team depends on. By the way, thank you for the fast response last time. This is affecting my work today.",Software
TRN-001813,"To whom it may concern, I am worried something unusual happened with my access this week. Please help as soon as possible.",Security
TRN-001814,"Good morning, I accidentally shared my password with what looked like an internal form. Any help would be appreciated.",Security
TRN-001815,"Hi support team, My laptop shows connected to wifi but no pages will load. Let me know what you need from me.",Network
TRN-001816,"To whom it may concern, My account got locked after too many failed login attempts. This is affecting my work today.",Account
TRN-001817,"Hi support team, The installer fails halfway through with an unknown error code. I would like this resolved soon.",Software
TRN-001818,"Dear helpdesk, I cannot log into my account even though I am sure the password is correct. Let me know what you need from me.",Account
TRN-001819,"Hi, My laptop shows connected to wifi but no pages will load. I would like this resolved soon.",Network
TRN-001820,"Hi, My laptop battery drains fully within thirty minutes. Let me know what you need from me.",Hardware
TRN-001821,"To whom it may concern, Our office router seems to restart on its own several times a day. Please help as soon as possible.",Network
TRN-001822,"Dear helpdesk, The office wifi keeps disconnecting every few minutes. This is the second time I am reporting a similar issue this quarter. This is affecting my work today.",Network
TRN-001823,"To whom it may concern, Video calls keep freezing because of a poor connection. This is the second time I am reporting a similar issue this quarter. Let me know what you need from me.",Network
TRN-001824,"Hi, The shared network drive is unreachable from my desktop. Thanks in advance for your help.",Network
TRN-001825,"To whom it may concern, The monitor keeps flickering and sometimes turns off completely. I appreciate the team's help with previous tickets. I would like this resolved soon.",Hardware
TRN-001826,"Good morning, I have a general question about the new office badge policy. Any help would be appreciated.",Other
TRN-001827,"Hi, I think my laptop might be infected after clicking a strange link. This is affecting my work today.",Security
TRN-001828,"Hi, I think my laptop might be infected after clicking a strange link. Thanks in advance for your help.",Security
TRN-001829,"Dear helpdesk, I cannot connect to the VPN from home today. I would like this resolved soon.",Network
TRN-001830,"Hi support team, Someone asked me over chat to send my login details for a system check. Thanks in advance for your help.",Security
TRN-001831,"To whom it may concern, I cannot open any document since the last software update. I would like this resolved soon.",Software
TRN-001832,"To whom it may concern, The shared network drive is unreachable from my desktop. This is affecting my work today.",Network
TRN-001833,"Good morning, I received a suspicious email asking me to confirm my password. This is the second time I am reporting a similar issue this quarter. I would like this resolved soon.",Security
TRN-001834,"Hello, The shared network drive is unreachable from my desktop. By the way, thank you for the fast response last time. Let me know what you need from me.",Network
TRN-001835,"Hello, I have a request that does not really fit any technical category. Let me know what you need from me.",Other
TRN-001836,"Hello, A recent patch removed a feature our whole team depends on. Thanks in advance for your help.",Software
TRN-001837,"Hello, An error dialog appears every time I open the accounting tool. Please help as soon as possible.",Software
TRN-001838,"To whom it may concern, The physical machine on my desk is behaving strangely since yesterday. This is the second time I am reporting a similar issue this quarter. Any help would be appreciated.",Hardware
TRN-001839,"Hi, The calendar sync stopped working after I updated the client. I will be out of office tomorrow afternoon. Please help as soon as possible.",Software
TRN-001840,"Hello, The laptop fan is extremely loud and the case feels hot. This is affecting my work today.",Hardware
TRN-001841,"Hi, A colleague reported that someone is impersonating our support team. This is the second time I am reporting a similar issue this quarter. This is affecting my work today.",Security
TRN-001842,"Hello, Can you tell me who to contact about a facilities request. Thanks in advance for your help.",Other
TRN-001843,"Hi, I have a request that does not really fit any technical category. Please help as soon as possible.",Other
TRN-001844,"Hi support team, The password reset email for my account never shows up in my inbox. Thanks in advance for your help.",Account
TRN-001845,"Hi support team, The internal dashboard shows a blank page after the server update. Let me know what you need from me.",Software
TRN-001846,"Hi, A tool I rely on stopped doing what it used to do correctly. Let me know what you need from me.",Software
TRN-001847,"Hi support team, The latest update broke the spreadsheet macros I rely on. Let me know what you need from me.",Software
TRN-001848,"Hello, My laptop battery drains fully within thirty minutes. I appreciate the team's help with previous tickets. Please help as soon as possible.",Hardware
TRN-001849,"Hello, Something on my desk setup just stopped turning on properly. I would like this resolved soon.",Hardware
TRN-001850,"To whom it may concern, A colleague reported that someone is impersonating our support team. Thanks in advance for your help.",Security
TRN-001851,"Hi support team, The webcam on my laptop is not detected by any application. By the way, thank you for the fast response last time. Let me know what you need from me.",Hardware
TRN-001852,"Hi, An error dialog appears every time I open the accounting tool. I appreciate the team's help with previous tickets. I would like this resolved soon.",Software
TRN-001853,"Hi support team, I got a message claiming my account will be closed unless I verify it immediately. Thanks in advance for your help.",Security
TRN-001854,"To whom it may concern, I cannot log into my account even though I am sure the password is correct. Any help would be appreciated.",Account
TRN-001855,"Hi, The remote desktop connection drops every time I try to log in. By the way, thank you for the fast response last time. Let me know what you need from me.",Network
TRN-001856,"Good morning, My laptop shows connected to wifi but no pages will load. Please help as soon as possible.",Network
TRN-001857,"To whom it may concern, I was logged out of every application and cannot sign back in. By the way, thank you for the fast response last time. Let me know what you need from me.",Account
TRN-001858,"Good morning, My account was merged with another user and now settings are wrong. This is affecting my work today.",Account
TRN-001859,"Hi, I want to suggest an improvement for the internal ticketing process. Let me know what you need from me.",Other
TRN-001860,"Good morning, I noticed unfamiliar software running in the background of my computer. Let me know what you need from me.",Security
TRN-001861,"Hi, A recent patch removed a feature our whole team depends on. This is affecting my work today.",Software
TRN-001862,"Hi, I have a request that does not really fit any technical category. By the way, thank you for the fast response last time. Let me know what you need from me.",Other
TRN-001863,"Hi, Can you tell me who to contact about a facilities request. This is affecting my work today.",Other
TRN-001864,"Hi support team, Is there an update on the office relocation timeline. This is affecting my work today.",Other
TRN-001865,"Hello, The office wifi keeps disconnecting every few minutes. I would like this resolved soon.",Network
TRN-001866,"Hi support team, The office wifi keeps disconnecting every few minutes. Any help would be appreciated.",Network
TRN-001867,"Dear helpdesk, A tool I rely on stopped doing what it used to do correctly. I will be out of office tomorrow afternoon. Let me know what you need from me.",Software
TRN-001868,"Hello, I think my laptop might be infected after clicking a strange link. This is affecting my work today.",Security
TRN-001869,"Good morning, I get a network unreachable error when opening internal tools. This is affecting my work today.",Network
TRN-001870,"Hi, My laptop screen stays black even after a full restart. Please help as soon as possible.",Hardware
TRN-001871,"Hi support team, My profile information is missing after the last account update. Thanks in advance for your help.",Account
TRN-001872,"Dear helpdesk, The remote desktop connection drops every time I try to log in. I would like this resolved soon.",Network
TRN-001873,"To whom it may concern, I cannot open any document since the last software update. Any help would be appreciated.",Software
TRN-001874,"Hi, My account was merged with another user and now settings are wrong. Any help would be appreciated.",Account
TRN-001875,"To whom it may concern, A recent patch removed a feature our whole team depends on. Let me know what you need from me.",Software
TRN-001876,"Hi, I get a network unreachable error when opening internal tools. I would like this resolved soon.",Network
TRN-001877,"Hi, My account was merged with another user and now settings are wrong. I would like this resolved soon.",Account
TRN-001878,"Dear helpdesk, My account shows a login attempt from a location I do not recognize. Any help would be appreciated.",Security
TRN-001879,"Hi, Can someone update the meeting room booking calendar for next week. This is affecting my work today.",Other
TRN-001880,"To whom it may concern, My laptop shows connected to wifi but no pages will load. Let me know what you need from me.",Network
TRN-001881,"Hi support team, I cannot connect to the VPN from home today. By the way, thank you for the fast response last time. Thanks in advance for your help.",Network
TRN-001882,"Dear helpdesk, My account was merged with another user and now settings are wrong. This has happened once before a few months ago. Thanks in advance for your help.",Account
TRN-001883,"Good morning, The program I use daily behaves unexpectedly since the newest release. Thanks in advance for your help.",Software
TRN-001884,"Hi, The installer fails halfway through with an unknown error code. I would like this resolved soon.",Software
TRN-001885,"Hello, I cannot connect to the VPN from home today. This is affecting my work today.",Network
TRN-001886,"Hello, Something about a recent message felt off and I want a second opinion. I would like this resolved soon.",Security
TRN-001887,"To whom it may concern, I want to suggest an improvement for the internal ticketing process. Let me know what you need from me.",Other
TRN-001888,"Hi, Could you confirm the parking policy for visitors next month. I would like this resolved soon.",Other
TRN-001889,"Hi support team, Our shared folder permissions changed without anyone approving it. Any help would be appreciated.",Security
TRN-001890,"To whom it may concern, Something about a recent message felt off and I want a second opinion. This is the second time I am reporting a similar issue this quarter. Let me know what you need from me.",Security
TRN-001891,"To whom it may concern, I received a suspicious email asking me to confirm my password. Thanks in advance for your help.",Security
TRN-001892,"Hello, I need to reset my password but the reset link never arrives. Please help as soon as possible.",Account
TRN-001893,"Hi, The remote desktop connection drops every time I try to log in. Let me know what you need from me.",Network
TRN-001894,"Dear helpdesk, I have a question about expense reimbursement for a work trip. I will be out of office tomorrow afternoon. I would like this resolved soon.",Other
TRN-001895,"Hi support team, My account was merged with another user and now settings are wrong. Any help would be appreciated.",Account
TRN-001896,"Hello, The physical machine on my desk is behaving strangely since yesterday. Let me know what you need from me.",Hardware
TRN-001897,"To whom it may concern, Video calls keep freezing because of a poor connection. Any help would be appreciated.",Network
TRN-001898,"Hello, My keyboard has several keys that stopped responding. I appreciate the team's help with previous tickets. Thanks in advance for your help.",Hardware
TRN-001899,"Hello, Internet speed on the third floor is extremely slow this morning. I would like this resolved soon.",Network
TRN-001900,"To whom it may concern, The mobile app keeps freezing on the login screen. Please help as soon as possible.",Software
TRN-001901,"Dear helpdesk, I was logged out of every application and cannot sign back in. Let me know what you need from me.",Account
TRN-001902,"To whom it may concern, The office wifi keeps disconnecting every few minutes. Thanks in advance for your help.",Network
TRN-001903,"Hi, I would like to request a new desk chair for the office. Let me know what you need from me.",Other
TRN-001904,"Dear helpdesk, My laptop screen stays black even after a full restart. Let me know what you need from me.",Hardware
TRN-001905,"Hi support team, The internal dashboard shows a blank page after the server update. This has happened once before a few months ago. This is affecting my work today.",Software
TRN-001906,"Hi, I have a question about expense reimbursement for a work trip. By the way, thank you for the fast response last time. I would like this resolved soon.",Other
TRN-001907,"Hello, I would like to request a new desk chair for the office. Thanks in advance for your help.",Other
TRN-001908,"Hi support team, An error dialog appears every time I open the accounting tool. Please help as soon as possible.",Software
TRN-001909,"Dear helpdesk, I cannot open any document since the last software update. Please help as soon as possible.",Software
TRN-001910,"To whom it may concern, I want to suggest an improvement for the internal ticketing process. Any help would be appreciated.",Other
TRN-001911,"Hi, I need to reset my password but the reset link never arrives. By the way, thank you for the fast response last time. This is affecting my work today.",Account
TRN-001912,"To whom it may concern, My profile information is missing after the last account update. Please help as soon as possible.",Account
TRN-001913,"Hi support team, The password reset email for my account never shows up in my inbox. I would like this resolved soon.",Account
TRN-001914,"Hello, The installer fails halfway through with an unknown error code. This has happened once before a few months ago. Please help as soon as possible.",Software
TRN-001915,"Hello, The latest update broke the spreadsheet macros I rely on. I would like this resolved soon.",Software
TRN-001916,"Hello, My mouse cursor freezes randomly during the day. Thanks in advance for your help.",Hardware
TRN-001917,"Dear helpdesk, My profile information is missing after the last account update. Any help would be appreciated.",Account
TRN-001918,"To whom it may concern, I have a question about expense reimbursement for a work trip. This is the second time I am reporting a similar issue this quarter. Please help as soon as possible.",Other
TRN-001919,"To whom it may concern, The installer fails halfway through with an unknown error code. Thanks in advance for your help.",Software
TRN-001920,"Dear helpdesk, This is more of a general office matter than a computer problem. Let me know what you need from me.",Other
TRN-001921,"Good morning, The office wifi keeps disconnecting every few minutes. This has happened once before a few months ago. Any help would be appreciated.",Network
TRN-001922,"Hi support team, The coffee machine on our floor is out of order again. Let me know what you need from me.",Other
TRN-001923,"Hi, The program I use daily behaves unexpectedly since the newest release. I would like this resolved soon.",Software
TRN-001924,"Good morning, I cannot open any document since the last software update. I would like this resolved soon.",Software
TRN-001925,"Good morning, The webcam on my laptop is not detected by any application. This is affecting my work today.",Hardware
TRN-001926,"Hi support team, Can you tell me who to contact about a facilities request. Let me know what you need from me.",Other
TRN-001927,"Hi, Pages load, then stop loading, then load again without any pattern. I appreciate the team's help with previous tickets. Any help would be appreciated.",Network
TRN-001928,"Hello, The program I use daily behaves unexpectedly since the newest release. Please help as soon as possible.",Software
TRN-001929,"Dear helpdesk, I have a general question about the new office badge policy. I appreciate the team's help with previous tickets. This is affecting my work today.",Other
TRN-001930,"Hi support team, I cannot log into my account even though I am sure the password is correct. I would like this resolved soon.",Account
TRN-001931,"Hi support team, My account was merged with another user and now settings are wrong. Any help would be appreciated.",Account
TRN-001932,"Hi, The remote desktop connection drops every time I try to log in. This has happened once before a few months ago. Any help would be appreciated.",Network
TRN-001933,"Hi, The password reset email for my account never shows up in my inbox. Any help would be appreciated.",Account
TRN-001934,"Good morning, I need to reset my password but the reset link never arrives. Let me know what you need from me.",Account
TRN-001935,"Good morning, Someone asked me over chat to send my login details for a system check. Let me know what you need from me.",Security
TRN-001936,"To whom it may concern, I get a network unreachable error when opening internal tools. Please help as soon as possible.",Network
TRN-001937,"Good morning, I want to suggest an improvement for the internal ticketing process. Any help would be appreciated.",Other
TRN-001938,"Hello, My laptop battery drains fully within thirty minutes. Let me know what you need from me.",Hardware
TRN-001939,"Good morning, I noticed unfamiliar software running in the background of my computer. I will be out of office tomorrow afternoon. Thanks in advance for your help.",Security
TRN-001940,"Hi, The shared network drive is unreachable from my desktop. Thanks in advance for your help.",Network
TRN-001941,"Good morning, My laptop shows connected to wifi but no pages will load. This is affecting my work today.",Network
TRN-001942,"To whom it may concern, The coffee machine on our floor is out of order again. Any help would be appreciated.",Other
TRN-001943,"Hello, I cannot open any document since the last software update. Thanks in advance for your help.",Software
TRN-001944,"To whom it may concern, A colleague reported that someone is impersonating our support team. By the way, thank you for the fast response last time. Thanks in advance for your help.",Security
TRN-001945,"Good morning, The shared network drive is unreachable from my desktop. I would like this resolved soon.",Network
TRN-001946,"Hello, Could you confirm the parking policy for visitors next month. This has happened once before a few months ago. This is affecting my work today.",Other
TRN-001947,"To whom it may concern, The remote desktop connection drops every time I try to log in. Any help would be appreciated.",Network
TRN-001948,"Hi, Our shared folder permissions changed without anyone approving it. Any help would be appreciated.",Security
TRN-001949,"Hi support team, The system says my account is disabled and I do not know why. This is affecting my work today.",Account
TRN-001950,"Dear helpdesk, I would like feedback on the recent helpdesk satisfaction survey. Please help as soon as possible.",Other
TRN-001951,"Good morning, My keyboard has several keys that stopped responding. Thanks in advance for your help.",Hardware
TRN-001952,"Hi support team, A tool I rely on stopped doing what it used to do correctly. I would like this resolved soon.",Software
TRN-001953,"Dear helpdesk, The office wifi keeps disconnecting every few minutes. Let me know what you need from me.",Network
TRN-001954,"Hi support team, The office printer on the second floor is jammed again. I appreciate the team's help with previous tickets. Thanks in advance for your help.",Hardware
TRN-001955,"Good morning, The internal dashboard shows a blank page after the server update. Please help as soon as possible.",Software
TRN-001956,"To whom it may concern, My account was merged with another user and now settings are wrong. Please help as soon as possible.",Account
TRN-001957,"Hi, I think my laptop might be infected after clicking a strange link. Let me know what you need from me.",Security
TRN-001958,"To whom it may concern, Can you tell me who to contact about a facilities request. Please help as soon as possible.",Other
TRN-001959,"Hello, Something is wrong with how I sign in and I keep getting rejected. I would like this resolved soon.",Account
TRN-001960,"Hi, Pages load, then stop loading, then load again without any pattern. Let me know what you need from me.",Network
TRN-001961,"Hi, I accidentally shared my password with what looked like an internal form. I would like this resolved soon.",Security
TRN-001962,"Hello, The shared network drive is unreachable from my desktop. I would like this resolved soon.",Network
TRN-001963,"Good morning, The remote desktop connection drops every time I try to log in. I would like this resolved soon.",Network
TRN-001964,"Hello, I accidentally shared my password with what looked like an internal form. This is affecting my work today.",Security
TRN-001965,"Dear helpdesk, I received a suspicious email asking me to confirm my password. I would like this resolved soon.",Security
TRN-001966,"Dear helpdesk, I got a message claiming my account will be closed unless I verify it immediately. Our team is currently in the middle of a big deadline. Any help would be appreciated.",Security
TRN-001967,"Hello, A firmware update left my laptop stuck on the boot screen. Thanks in advance for your help.",Hardware
TRN-001968,"Hello, The program I use daily behaves unexpectedly since the newest release. I will be out of office tomorrow afternoon. Let me know what you need from me.",Software
TRN-001969,"Hi support team, I cannot connect to the VPN from home today. I appreciate the team's help with previous tickets. Thanks in advance for your help.",Network
TRN-001970,"Good morning, The ethernet port in the meeting room does not seem to work. Thanks in advance for your help.",Network
TRN-001971,"Dear helpdesk, I cannot log into my account even though I am sure the password is correct. Any help would be appreciated.",Account
TRN-001972,"To whom it may concern, I received a suspicious email asking me to confirm my password. Please help as soon as possible.",Security
TRN-001973,"Dear helpdesk, My keyboard has several keys that stopped responding. This has happened once before a few months ago. Let me know what you need from me.",Hardware
TRN-001974,"Dear helpdesk, My account shows a login attempt from a location I do not recognize. Any help would be appreciated.",Security
TRN-001975,"To whom it may concern, Something is wrong with how I sign in and I keep getting rejected. I would like this resolved soon.",Account
TRN-001976,"Hello, Something about a recent message felt off and I want a second opinion. This is affecting my work today.",Security
TRN-001977,"Hi, I think my laptop might be infected after clicking a strange link. Let me know what you need from me.",Security
TRN-001978,"Hi, I cannot connect to the VPN from home today. Please help as soon as possible.",Network
TRN-001979,"Hi support team, Our shared folder permissions changed without anyone approving it. I will be out of office tomorrow afternoon. Thanks in advance for your help.",Security
TRN-001980,"Good morning, Something on my desk setup just stopped turning on properly. I would like this resolved soon.",Hardware
TRN-001981,"Hi, Our shared folder permissions changed without anyone approving it. This is affecting my work today.",Security
TRN-001982,"Good morning, Pages load, then stop loading, then load again without any pattern. I would like this resolved soon.",Network
TRN-001983,"Good morning, My license for the design software appears to have expired. By the way, thank you for the fast response last time. Let me know what you need from me.",Software
TRN-001984,"Hi, An error dialog appears every time I open the accounting tool. Thanks in advance for your help.",Software
TRN-001985,"Hi, Can someone update the meeting room booking calendar for next week. I would like this resolved soon.",Other
TRN-001986,"To whom it may concern, A colleague reported that someone is impersonating our support team. Thanks in advance for your help.",Security
TRN-001987,"To whom it may concern, The reporting application crashes every time I try to export a file. Please help as soon as possible.",Software
TRN-001988,"Hello, The ethernet port in the meeting room does not seem to work. This is affecting my work today.",Network
TRN-001989,"Good morning, My account was merged with another user and now settings are wrong. This is affecting my work today.",Account
TRN-001990,"Hi support team, I am worried something unusual happened with my access this week. This is affecting my work today.",Security
TRN-001991,"Dear helpdesk, I think my laptop might be infected after clicking a strange link. Any help would be appreciated.",Security
TRN-001992,"Dear helpdesk, Internet speed on the third floor is extremely slow this morning. This is affecting my work today.",Network
TRN-001993,"Hi, The reporting application crashes every time I try to export a file. Any help would be appreciated.",Software
TRN-001994,"Good morning, A recent patch removed a feature our whole team depends on. Please help as soon as possible.",Software
TRN-001995,"Hi support team, The laptop fan is extremely loud and the case feels hot. This is affecting my work today.",Hardware
TRN-001996,"Hello, The ethernet port in the meeting room does not seem to work. Please help as soon as possible.",Network
TRN-001997,"Dear helpdesk, I forgot my username and need help recovering account access. Please help as soon as possible.",Account
TRN-001998,"Hi support team, Someone asked me over chat to send my login details for a system check. Thanks in advance for your help.",Security
TRN-001999,"Hi, The physical machine on my desk is behaving strangely since yesterday. Please help as soon as possible.",Hardware
TRN-002000,"Good morning, I get a network unreachable error when opening internal tools. This is affecting my work today.",Network
TRN-002001,"Hi support team, Internet speed on the third floor is extremely slow this morning. Thanks in advance for your help.",Network
TRN-002002,"Good morning, I have a general question about the new office badge policy. Any help would be appreciated.",Other
TRN-002003,"Hello, Could you confirm the parking policy for visitors next month. This is affecting my work today.",Other
TRN-002004,"Good morning, I get a network unreachable error when opening internal tools. Any help would be appreciated.",Network
TRN-002005,"To whom it may concern, Video calls keep freezing because of a poor connection. I would like this resolved soon.",Network
TRN-002006,"To whom it may concern, I would like feedback on the recent helpdesk satisfaction survey. This is affecting my work today.",Other
TRN-002007,"Good morning, I got a message claiming my account will be closed unless I verify it immediately. I would like this resolved soon.",Security
TRN-002008,"To whom it may concern, The remote desktop connection drops every time I try to log in. I will be out of office tomorrow afternoon. This is affecting my work today.",Network
TRN-002009,"Hello, I cannot connect to the VPN from home today. I appreciate the team's help with previous tickets. Please help as soon as possible.",Network
TRN-002010,"Good morning, Could you confirm the parking policy for visitors next month. Any help would be appreciated.",Other
TRN-002011,"Dear helpdesk, I accidentally shared my password with what looked like an internal form. Our team is currently in the middle of a big deadline. This is affecting my work today.",Security
TRN-002012,"Hello, The webcam on my laptop is not detected by any application. By the way, thank you for the fast response last time. Any help would be appreciated.",Hardware
TRN-002013,"Hi, A colleague reported that someone is impersonating our support team. This is affecting my work today.",Security
TRN-002014,"Hi, My profile information is missing after the last account update. This is affecting my work today.",Account
TRN-002015,"Hi support team, The antivirus alert keeps flagging a file I did not download. I will be out of office tomorrow afternoon. This is affecting my work today.",Security
TRN-002016,"Hi support team, Something on my desk setup just stopped turning on properly. Let me know what you need from me.",Hardware
TRN-002017,"Dear helpdesk, The coffee machine on our floor is out of order again. This is the second time I am reporting a similar issue this quarter. I would like this resolved soon.",Other
TRN-002018,"Hi, Our office router seems to restart on its own several times a day. I appreciate the team's help with previous tickets. Any help would be appreciated.",Network
TRN-002019,"Hello, The password reset email for my account never shows up in my inbox. Thanks in advance for your help.",Account
TRN-002020,"Good morning, The shared network drive is unreachable from my desktop. I would like this resolved soon.",Network
TRN-002021,"To whom it may concern, Can someone update the meeting room booking calendar for next week. This is affecting my work today.",Other
TRN-002022,"Dear helpdesk, An error dialog appears every time I open the accounting tool. Thanks in advance for your help.",Software
TRN-002023,"To whom it may concern, My account was merged with another user and now settings are wrong. I appreciate the team's help with previous tickets. Any help would be appreciated.",Account
TRN-002024,"Hi support team, I need to reset my password but the reset link never arrives. I would like this resolved soon.",Account
TRN-002025,"Hi, I cannot open any document since the last software update. Any help would be appreciated.",Software
TRN-002026,"Hi, The shared network drive is unreachable from my desktop. This is affecting my work today.",Network
TRN-002027,"Hello, Can someone update the meeting room booking calendar for next week. Please help as soon as possible.",Other
TRN-002028,"Dear helpdesk, I would like feedback on the recent helpdesk satisfaction survey. This is affecting my work today.",Other
TRN-002029,"Hi support team, An error dialog appears every time I open the accounting tool. Thanks in advance for your help.",Software
TRN-002030,"Good morning, The physical machine on my desk is behaving strangely since yesterday. This has happened once before a few months ago. Please help as soon as possible.",Hardware
TRN-002031,"To whom it may concern, I accidentally shared my password with what looked like an internal form. Any help would be appreciated.",Security
TRN-002032,"Dear helpdesk, Our shared folder permissions changed without anyone approving it. I would like this resolved soon.",Security
TRN-002033,"Hello, A recent patch removed a feature our whole team depends on. This is affecting my work today.",Software
TRN-002034,"To whom it may concern, Someone asked me over chat to send my login details for a system check. This is affecting my work today.",Security
TRN-002035,"Hello, I got a message claiming my account will be closed unless I verify it immediately. This is affecting my work today.",Security
TRN-002036,"Good morning, The monitor keeps flickering and sometimes turns off completely. Any help would be appreciated.",Hardware
TRN-002037,"To whom it may concern, The coffee machine on our floor is out of order again. Let me know what you need from me.",Other
TRN-002038,"To whom it may concern, The system says my account is disabled and I do not know why. Any help would be appreciated.",Account
TRN-002039,"Good morning, My laptop battery drains fully within thirty minutes. Let me know what you need from me.",Hardware
TRN-002040,"Hi support team, I received a suspicious email asking me to confirm my password. This has happened once before a few months ago. Thanks in advance for your help.",Security
TRN-002041,"Dear helpdesk, I cannot open any document since the last software update. Please help as soon as possible.",Software
TRN-002042,"Dear helpdesk, My mouse cursor freezes randomly during the day. This is affecting my work today.",Hardware
TRN-002043,"Hi support team, I noticed unfamiliar software running in the background of my computer. Let me know what you need from me.",Security
TRN-002044,"Good morning, The docking station is not charging my laptop anymore. This is affecting my work today.",Hardware
TRN-002045,"Hello, I accidentally shared my password with what looked like an internal form. Thanks in advance for your help.",Security
TRN-002046,"To whom it may concern, The program I use daily behaves unexpectedly since the newest release. Thanks in advance for your help.",Software
TRN-002047,"Good morning, Video calls keep freezing because of a poor connection. Any help would be appreciated.",Network
TRN-002048,"Hi, My account got locked after too many failed login attempts. Please help as soon as possible.",Account
TRN-002049,"Hi support team, The antivirus alert keeps flagging a file I did not download. Please help as soon as possible.",Security
TRN-002050,"Hello, This is more of a general office matter than a computer problem. Let me know what you need from me.",Other
TRN-002051,"Dear helpdesk, My account shows a login attempt from a location I do not recognize. Thanks in advance for your help.",Security
TRN-002052,"Dear helpdesk, The laptop fan is extremely loud and the case feels hot. Any help would be appreciated.",Hardware
TRN-002053,"Good morning, My laptop shows connected to wifi but no pages will load. Thanks in advance for your help.",Network
TRN-002054,"Hi, I forgot my username and need help recovering account access. Any help would be appreciated.",Account
TRN-002055,"Hi support team, Something is wrong with how I sign in and I keep getting rejected. Let me know what you need from me.",Account
TRN-002056,"Hi support team, Internet speed on the third floor is extremely slow this morning. This is affecting my work today.",Network
TRN-002057,"Good morning, Something is wrong with how I sign in and I keep getting rejected. I would like this resolved soon.",Account
TRN-002058,"Hi, Someone asked me over chat to send my login details for a system check. This is the second time I am reporting a similar issue this quarter. This is affecting my work today.",Security
TRN-002059,"Dear helpdesk, I accidentally shared my password with what looked like an internal form. Please help as soon as possible.",Security
TRN-002060,"Good morning, Is there an update on the office relocation timeline. Let me know what you need from me.",Other
TRN-002061,"Dear helpdesk, Video calls keep freezing because of a poor connection. This is affecting my work today.",Network
TRN-002062,"Dear helpdesk, A firmware update left my laptop stuck on the boot screen. I would like this resolved soon.",Hardware
TRN-002063,"Hi support team, A colleague reported that someone is impersonating our support team. Let me know what you need from me.",Security
TRN-002064,"Dear helpdesk, A firmware update left my laptop stuck on the boot screen. Any help would be appreciated.",Hardware
TRN-002065,"Hi support team, This is more of a general office matter than a computer problem. Thanks in advance for your help.",Other
TRN-002066,"Good morning, The webcam on my laptop is not detected by any application. Thanks in advance for your help.",Hardware
TRN-002067,"To whom it may concern, I have a general question about the new office badge policy. This is affecting my work today.",Other
TRN-002068,"Hello, My profile information is missing after the last account update. Our team is currently in the middle of a big deadline. Any help would be appreciated.",Account
TRN-002069,"Good morning, The system says my account is disabled and I do not know why. This is affecting my work today.",Account
TRN-002070,"Good morning, The password reset email for my account never shows up in my inbox. Any help would be appreciated.",Account
TRN-002071,"To whom it may concern, An error dialog appears every time I open the accounting tool. This is affecting my work today.",Software
TRN-002072,"Dear helpdesk, The docking station is not charging my laptop anymore. Let me know what you need from me.",Hardware
TRN-002073,"Hi support team, Our shared folder permissions changed without anyone approving it. Any help would be appreciated.",Security
TRN-002074,"Good morning, The installer fails halfway through with an unknown error code. This is the second time I am reporting a similar issue this quarter. I would like this resolved soon.",Software
TRN-002075,"Hi, My keyboard has several keys that stopped responding. Any help would be appreciated.",Hardware
TRN-002076,"Dear helpdesk, I cannot open any document since the last software update. Our team is currently in the middle of a big deadline. I would like this resolved soon.",Software
TRN-002077,"To whom it may concern, The mobile app keeps freezing on the login screen. By the way, thank you for the fast response last time. Let me know what you need from me.",Software
TRN-002078,"Hi, The office wifi keeps disconnecting every few minutes. Any help would be appreciated.",Network
TRN-002079,"Dear helpdesk, I was logged out of every application and cannot sign back in. This is affecting my work today.",Account
TRN-002080,"To whom it may concern, I think my laptop might be infected after clicking a strange link. Thanks in advance for your help.",Security
TRN-002081,"Dear helpdesk, Someone asked me over chat to send my login details for a system check. I would like this resolved soon.",Security
TRN-002082,"Good morning, I have a question about expense reimbursement for a work trip. This has happened once before a few months ago. Thanks in advance for your help.",Other
TRN-002083,"Hello, The monitor keeps flickering and sometimes turns off completely. By the way, thank you for the fast response last time. I would like this resolved soon.",Hardware
TRN-002084,"Hello, I accidentally shared my password with what looked like an internal form. I will be out of office tomorrow afternoon. I would like this resolved soon.",Security
TRN-002085,"Hi support team, Something is wrong with how I sign in and I keep getting rejected. Thanks in advance for your help.",Account
TRN-002086,"To whom it may concern, Pages load, then stop loading, then load again without any pattern. Let me know what you need from me.",Network
TRN-002087,"To whom it may concern, My laptop screen stays black even after a full restart. Any help would be appreciated.",Hardware
TRN-002088,"Dear helpdesk, The program I use daily behaves unexpectedly since the newest release. Thanks in advance for your help.",Software
TRN-002089,"Hi, The coffee machine on our floor is out of order again. Any help would be appreciated.",Other
TRN-002090,"To whom it may concern, The office wifi keeps disconnecting every few minutes. Thanks in advance for your help.",Network
TRN-002091,"Hi support team, My account shows a login attempt from a location I do not recognize. Please help as soon as possible.",Security
TRN-002092,"Hello, I have a general question about the new office badge policy. Thanks in advance for your help.",Other
TRN-002093,"Hi, My laptop shows connected to wifi but no pages will load. Please help as soon as possible.",Network
TRN-002094,"Dear helpdesk, The monitor keeps flickering and sometimes turns off completely. Let me know what you need from me.",Hardware
TRN-002095,"Good morning, I accidentally shared my password with what looked like an internal form. Let me know what you need from me.",Security
TRN-002096,"Hi, I was logged out of every application and cannot sign back in. Let me know what you need from me.",Account
TRN-002097,"Good morning, An error dialog appears every time I open the accounting tool. Our team is currently in the middle of a big deadline. Please help as soon as possible.",Software
TRN-002098,"Good morning, I cannot open any document since the last software update. I would like this resolved soon.",Software
TRN-002099,"Dear helpdesk, Two-factor authentication is not sending a code to my registered device. Please help as soon as possible.",Account
TRN-002100,"Hello, The ethernet port in the meeting room does not seem to work. Thanks in advance for your help.",Network
